{
  "files": [
    {
      "filepath": "/Users/ben/Code/green_code/packages/deep-redact/test/redact.bench.ts",
      "groups": [
        {
          "fullName": "test/redact.bench.ts > Redaction benchmark",
          "benchmarks": [
            {
              "id": "-504382355_0_0",
              "sampleCount": 144470,
              "name": "JSON.stringify, single object",
              "rank": 1,
              "rme": 0.1896045033888912,
              "totalTime": 500.0006680008664,
              "min": 0.0032910000008996576,
              "max": 0.19174999999813735,
              "hz": 288939.613976175,
              "period": 0.003460930767639416,
              "mean": 0.003460930767639416,
              "variance": 0.0000016193795483567472,
              "sd": 0.0012725484463692325,
              "sem": 0.0000033480003033755383,
              "df": 144469,
              "critical": 1.96,
              "moe": 0.000006562080594616055,
              "p75": 0.003416999999899417,
              "p99": 0.0037500000034924597,
              "p995": 0.003916999994544312,
              "p999": 0.011541999992914498
            },
            {
              "id": "-504382355_0_1",
              "sampleCount": 192,
              "name": "JSON.stringify, 1000 objects",
              "rank": 10,
              "rme": 0.3179359088348027,
              "totalTime": 502.6284569997515,
              "min": 2.5506250000034925,
              "max": 2.8973750000004657,
              "hz": 381.9919014256985,
              "period": 2.6178565468737056,
              "mean": 2.6178565468737056,
              "variance": 0.0034622620687406827,
              "sd": 0.05884098969885434,
              "sem": 0.004246482655252194,
              "df": 191,
              "critical": 1.96,
              "moe": 0.0083231060042943,
              "p75": 2.6469170000054874,
              "p99": 2.876665999996476,
              "p995": 2.8973750000004657,
              "p999": 2.8973750000004657
            },
            {
              "id": "-504382355_0_2",
              "sampleCount": 8703,
              "name": "fast redact, single object",
              "rank": 9,
              "rme": 0.35039111130687384,
              "totalTime": 500.05133200160344,
              "min": 0.054709000018192455,
              "max": 0.2538749999948777,
              "hz": 17404.213213798805,
              "period": 0.0574573517179827,
              "mean": 0.0574573517179827,
              "variance": 0.00009182357803536777,
              "sd": 0.00958246200281367,
              "sem": 0.0001027170679653769,
              "df": 8702,
              "critical": 1.96,
              "moe": 0.00020132545321213872,
              "p75": 0.056416000006720424,
              "p99": 0.12533300000359304,
              "p995": 0.1346250000060536,
              "p999": 0.18183300000964664
            },
            {
              "id": "-504382355_0_3",
              "sampleCount": 34,
              "name": "fast redact, 1000 objects",
              "rank": 12,
              "rme": 4.110635216506264,
              "totalTime": 504.3977929999819,
              "min": 13.974709000001894,
              "max": 23.740374999993946,
              "hz": 67.40711492367934,
              "period": 14.83522920588182,
              "mean": 14.83522920588182,
              "variance": 3.0511092753012394,
              "sd": 1.7467424753813137,
              "sem": 0.29956386313621886,
              "df": 33,
              "critical": 2.0357,
              "moe": 0.6098221561864007,
              "p75": 14.680584000016097,
              "p99": 23.740374999993946,
              "p995": 23.740374999993946,
              "p999": 23.740374999993946
            },
            {
              "id": "-504382355_0_4",
              "sampleCount": 54477,
              "name": "default config, single object",
              "rank": 2,
              "rme": 0.45169201080686755,
              "totalTime": 500.00843699777033,
              "min": 0.00858300001709722,
              "max": 0.20333300001220778,
              "hz": 108952.161541712,
              "period": 0.00917834016186226,
              "mean": 0.00917834016186226,
              "variance": 0.00002437329008293946,
              "sd": 0.004936931241463614,
              "sem": 0.000021151953691739768,
              "df": 54476,
              "critical": 1.96,
              "moe": 0.00004145782923580994,
              "p75": 0.009041999990586191,
              "p99": 0.009750000026542693,
              "p995": 0.010374999983469024,
              "p999": 0.13783299998613074
            },
            {
              "id": "-504382355_0_5",
              "sampleCount": 31974,
              "name": "config per key, single object",
              "rank": 8,
              "rme": 0.4632788829667545,
              "totalTime": 500.0016389976663,
              "min": 0.014957999985199422,
              "max": 0.31279200001154095,
              "hz": 63947.790379441605,
              "period": 0.015637756896155198,
              "mean": 0.015637756896155198,
              "variance": 0.000043683633232898444,
              "sd": 0.0066093595176006615,
              "sem": 0.000036962461974267566,
              "df": 31973,
              "critical": 1.96,
              "moe": 0.00007244642546956442,
              "p75": 0.01533299998845905,
              "p99": 0.01854099999764003,
              "p995": 0.021500000002561137,
              "p999": 0.161666999978479
            },
            {
              "id": "-504382355_0_6",
              "sampleCount": 51064,
              "name": "fuzzy matching, single object",
              "rank": 4,
              "rme": 0.4771113256530081,
              "totalTime": 500.00523700134363,
              "min": 0.009290999994846061,
              "max": 0.20737499999813735,
              "hz": 102126.93032225735,
              "period": 0.009791736585487695,
              "mean": 0.009791736585487695,
              "variance": 0.000029010925513595014,
              "sd": 0.005386179120080859,
              "sem": 0.000023835451136464765,
              "df": 51063,
              "critical": 1.96,
              "moe": 0.00004671748422747094,
              "p75": 0.009666999976616353,
              "p99": 0.01041699998313561,
              "p995": 0.010999999998603016,
              "p999": 0.15295899999910034
            },
            {
              "id": "-504382355_0_7",
              "sampleCount": 51018,
              "name": "case insensitive matching, single object",
              "rank": 5,
              "rme": 0.49986331538717604,
              "totalTime": 500.0063550027262,
              "min": 0.009290999994846061,
              "max": 0.23020900000119582,
              "hz": 102034.70313836678,
              "period": 0.009800587145766714,
              "mean": 0.009800587145766714,
              "variance": 0.00003187263776081101,
              "sd": 0.005645585688023078,
              "sem": 0.000024994663180734136,
              "df": 51017,
              "critical": 1.96,
              "moe": 0.0000489895398342389,
              "p75": 0.009666999976616353,
              "p99": 0.010416000004624948,
              "p995": 0.01095799999893643,
              "p999": 0.15966699999989942
            },
            {
              "id": "-504382355_0_8",
              "sampleCount": 51283,
              "name": "fuzzy and case insensitive matching, single object",
              "rank": 3,
              "rme": 0.4380167743600443,
              "totalTime": 500.0087589985633,
              "min": 0.009290999994846061,
              "max": 0.22712500000488944,
              "hz": 102564.20328058164,
              "period": 0.00974999042564911,
              "mean": 0.00974999042564911,
              "variance": 0.000024347318892564786,
              "sd": 0.004934300243455478,
              "sem": 0.000021789078348388464,