{
  "files": [
    {
      "filepath": "/Users/ben/Code/green_code/packages/deep-redact/test/bench/redact.bench.ts",
      "groups": [
        {
          "fullName": "test/bench/redact.bench.ts > Redaction benchmark",
          "benchmarks": [
            {
              "id": "-819135410_0_0",
              "sampleCount": 1867721,
              "median": 0.0002499999999940883,
              "name": "JSON.stringify, tiny object",
              "rank": 1,
              "rme": 0.62821634158279,
              "totalTime": 500.0000759999922,
              "min": 0.0001659999999219508,
              "max": 0.4310419999999908,
              "hz": 3735441.432212961,
              "period": 0.0002677059774987764,
              "mean": 0.0002677059774987764,
              "variance": 0.0000013751005470739792,
              "sd": 0.0011726468125885046,
              "sem": 8.580472949190102e-7,
              "df": 1867720,
              "critical": 1.96,
              "moe": 0.00000168177269804126,
              "p75": 0.0002500000000509317,
              "p99": 0.00033400000000938235,
              "p995": 0.0005830000000059954,
              "p999": 0.0012080000000196378
            },
            {
              "id": "-819135410_0_1",
              "sampleCount": 149519,
              "median": 0.003290999999990163,
              "name": "JSON.stringify, large object",
              "rank": 2,
              "rme": 0.4138150860048971,
              "totalTime": 500.00321499998495,
              "min": 0.0031249999997271516,
              "max": 0.24233300000014424,
              "hz": 299036.0771980326,
              "period": 0.0033440781104741536,
              "mean": 0.0033440781104741536,
              "variance": 0.00000745331893688691,
              "sd": 0.0027300767272893465,
              "sem": 0.000007060356994351814,
              "df": 149518,
              "critical": 1.96,
              "moe": 0.000013838299708929555,
              "p75": 0.0033330000001114968,
              "p99": 0.0037910000000920263,
              "p995": 0.003957999999784079,
              "p999": 0.004959000000098968
            },
            {
              "id": "-819135410_0_2",
              "sampleCount": 7962,
              "median": 0.0622920000000704,
              "name": "JSON.stringify, 1000 tiny objects",
              "rank": 13,
              "rme": 0.29483068904754456,
              "totalTime": 500.00409899999886,
              "min": 0.06037500000002183,
              "max": 0.2987920000000486,
              "hz": 15923.869456118235,
              "period": 0.06279880670685743,
              "mean": 0.06279880670685743,
              "variance": 0.00007104903575149156,
              "sd": 0.00842905900747477,
              "sem": 0.00009446436455482826,
              "df": 7961,
              "critical": 1.96,
              "moe": 0.0001851501545274634,
              "p75": 0.06279199999971752,
              "p99": 0.0698749999996835,
              "p995": 0.07912500000020373,
              "p999": 0.26350000000002183
            },
            {
              "id": "-819135410_0_3",
              "sampleCount": 214,
              "median": 2.31899999999996,
              "name": "JSON.stringify, 1000 large objects",
              "rank": 19,
              "rme": 0.3853901377349785,
              "totalTime": 501.17816599999605,
              "min": 2.2972500000000764,
              "max": 2.5972500000002583,
              "hz": 426.99386070222715,
              "period": 2.3419540467289535,
              "mean": 2.3419540467289535,
              "variance": 0.004537948495632103,
              "sd": 0.0673642968910988,
              "sem": 0.004604928533866641,
              "df": 213,
              "critical": 1.96,
              "moe": 0.009025659926378616,
              "p75": 2.3290830000000824,
              "p99": 2.5596669999999904,
              "p995": 2.5645830000003116,
              "p999": 2.5972500000002583
            },
            {
              "id": "-819135410_0_4",
              "sampleCount": 114250,
              "median": 0.0042090000006282935,
              "name": "fast redact, tiny object",
              "rank": 4,
              "rme": 0.5592414983999442,
              "totalTime": 500.00198299994054,
              "min": 0.004042000000026746,
              "max": 0.22970900000018446,
              "hz": 228499.09377262127,
              "period": 0.00437638497155309,
              "mean": 0.00437638497155309,
              "variance": 0.00001781451008508128,
              "sd": 0.004220723881644152,
              "sem": 0.000012487020862583406,
              "df": 114249,
              "critical": 1.96,
              "moe": 0.000024474560890663474,
              "p75": 0.004250000000411092,
              "p99": 0.004958999999871594,
              "p995": 0.005124999999679858,
              "p999": 0.014500000000225555
            },
            {
              "id": "-819135410_0_5",
              "sampleCount": 10085,
              "median": 0.04804200000035053,
              "name": "fast redact, large object",
              "rank": 12,
              "rme": 0.5977862829811027,
              "totalTime": 500.0156560000296,
              "min": 0.046666999999615655,
              "max": 0.46791600000051403,
              "hz": 20169.36845673369,
              "period": 0.04958013445711746,
              "mean": 0.04958013445711746,
              "variance": 0.00023060623797283087,
              "sd": 0.015185724808939179,
              "sem": 0.00015121594023889562,
              "df": 10084,
              "critical": 1.96,
              "moe": 0.0002963832428682354,
              "p75": 0.048541000000113854,
              "p99": 0.06612500000028376,
              "p995": 0.22837499999968713,
              "p999": 0.25500000000010914
            },
            {
              "id": "-819135410_0_6",
              "sampleCount": 3741,
              "median": 0.12833399999999529,
              "name": "fast redact, 1000 tiny objects",
              "rank": 16,
              "rme": 0.7008638974366769,
              "totalTime": 500.05667599998014,
              "min": 0.12533299999995506,
              "max": 0.6332089999996242,
              "hz": 7481.151996459194,
              "period": 0.1336692531408661,
              "mean": 0.1336692531408661,
              "variance": 0.0008546848135220667,
              "sd": 0.029234992962579396,
              "sem": 0.0004779793557334551,
              "df": 3740,
              "critical": 1.96,
              "moe": 0.0009368395372375719,
              "p75": 0.13041699999939738,
              "p99": 0.3117080000001806,
              "p995": 0.32979100000011385,
              "p999": 0.35020799999983865
            },
            {
              "id": "-819135410_0_7",
              "sampleCount": 39,
              "median": 12.94104200000038,
              "name": "fast redact, 1000 large objects",
              "rank": 20,
              "rme": 0.9576983643629842,
              "totalTime": 505.8907909999998,
              "min": 12.471457999999984,
              "max": 13.814374999999927,
              "hz": 77.09173737459872,
              "period": 12.971558743589739,
              "mean": 12.971558743589739,
              "variance": 0.14674746053202226,
              "sd": 0.38307631162997047,
              "sem": 0.0613413025477694,
              "df": 38,
              "critical": 2.0252,
              "moe": 0.12422840591974259,
              "p75": 13.309417000000394,
              "p99": 13.814374999999927,
              "p995": 13.814374999999927,
              "p999": 13.814374999999927
            },
            {
              "id": "-819135410_0_8",
              "sampleCount": 124044,
              "median": 0.0028330000004643807,
              "name": "DeepRedact, default config, tiny object",
              "rank": 3,
              "rme": 6.702159333678111,