{
  "files": [
    {
      "filepath": "/Users/ben/Code/green_code/packages/deep-redact/test/redact.bench.ts",
      "groups": [
        {
          "fullName": "test/redact.bench.ts > Redaction benchmark",
          "benchmarks": [
            {
              "id": "-504382355_0_0",
              "sampleCount": 9311,
              "name": "fast redact, single user",
              "rank": 8,
              "rme": 0.8491217039584406,
              "totalTime": 500.09909914061427,
              "min": 0.04816699959337711,
              "max": 1.7417500000447035,
              "hz": 18618.309882981812,
              "period": 0.0537105680529067,
              "mean": 0.0537105680529067,
              "variance": 0.0005041311797083029,
              "sd": 0.022452865734874535,
              "sem": 0.00023268780135540773,
              "df": 9310,
              "critical": 1.96,
              "moe": 0.00045606809065659916,
              "p75": 0.05141700059175491,
              "p99": 0.12908400036394596,
              "p995": 0.14387499913573265,
              "p999": 0.2005000002682209
            },
            {
              "id": "-504382355_0_1",
              "sampleCount": 38,
              "name": "fast redact, 1000 users",
              "rank": 10,
              "rme": 1.3478861856211,
              "totalTime": 500.06936999596655,
              "min": 12.646583000198007,
              "max": 15.671791000291705,
              "hz": 75.98945722331784,
              "period": 13.159720263051751,
              "mean": 13.159720263051751,
              "variance": 0.29090240754579283,
              "sd": 0.539353694291411,
              "sem": 0.08749472278007954,
              "df": 37,
              "critical": 2.0273,
              "moe": 0.17737805149205524,
              "p75": 13.380124999210238,
              "p99": 15.671791000291705,
              "p995": 15.671791000291705,
              "p999": 15.671791000291705
            },
            {
              "id": "-504382355_0_2",
              "sampleCount": 54634,
              "name": "default config, single user",
              "rank": 1,
              "rme": 0.4611155106605337,
              "totalTime": 500.0059801582247,
              "min": 0.008666999638080597,
              "max": 0.2050000000745058,
              "hz": 109266.6931357727,
              "period": 0.009151919686609524,
              "mean": 0.009151919686609524,
              "variance": 0.000025327639616826913,
              "sd": 0.0050326573116820615,
              "sem": 0.000021531082243954808,
              "df": 54633,
              "critical": 1.96,
              "moe": 0.00004220092119815142,
              "p75": 0.009000001475214958,
              "p99": 0.009749999269843102,
              "p995": 0.010125000029802322,
              "p999": 0.1398750003427267
            },
            {
              "id": "-504382355_0_3",
              "sampleCount": 37377,
              "name": "config per key, single user",
              "rank": 7,
              "rme": 0.4786691997331698,
              "totalTime": 500.00764095783234,
              "min": 0.012749999761581421,
              "max": 0.22391699999570847,
              "hz": 74752.85763313396,
              "period": 0.013377415013452989,
              "mean": 0.013377415013452989,
              "variance": 0.00003989400758230387,
              "sd": 0.006316170325624846,
              "sem": 0.00003267018642340833,
              "df": 37376,
              "critical": 1.96,
              "moe": 0.00006403356538988033,
              "p75": 0.013165999203920364,
              "p99": 0.01579200103878975,
              "p995": 0.017916999757289886,
              "p999": 0.1591670010238886
            },
            {
              "id": "-504382355_0_4",
              "sampleCount": 49998,
              "name": "fuzzy matching, single user",
              "rank": 2,
              "rme": 0.4975528077911011,
              "totalTime": 500.00542303547263,
              "min": 0.009459000080823898,
              "max": 0.22716699913144112,
              "hz": 99994.9154480529,
              "period": 0.010000508481048694,
              "mean": 0.010000508481048694,
              "variance": 0.00003222278082221676,
              "sd": 0.005676511324943936,
              "sem": 0.00002538663813308417,
              "df": 49997,
              "critical": 1.96,
              "moe": 0.00004975781074084497,
              "p75": 0.009874999523162842,
              "p99": 0.010584000498056412,
              "p995": 0.010917000472545624,
              "p999": 0.15675000101327896
            },
            {
              "id": "-504382355_0_5",
              "sampleCount": 49617,
              "name": "case insensitive matching, single user",
              "rank": 3,
              "rme": 0.5080693607891462,
              "totalTime": 500.004407254979,
              "min": 0.009457999840378761,
              "max": 0.23804200068116188,
              "hz": 99233.12530862879,
              "period": 0.01007728011074791,
              "mean": 0.01007728011074791,
              "variance": 0.00003385719939215795,
              "sd": 0.005818693959314061,
              "sem": 0.000026122230940616675,
              "df": 49616,
              "critical": 1.96,
              "moe": 0.00005119957264360868,
              "p75": 0.009916000068187714,
              "p99": 0.010583000257611275,
              "p995": 0.010874999687075615,
              "p999": 0.1613330002874136
            },
            {
              "id": "-504382355_0_6",
              "sampleCount": 49406,
              "name": "fuzzy and case insensitive matching, single user",
              "rank": 4,
              "rme": 0.670027022668541,
              "totalTime": 500.00679870322347,
              "min": 0.009540999308228493,
              "max": 1.155749998986721,
              "hz": 98810.65643134322,
              "period": 0.010120365921208425,
              "mean": 0.010120365921208425,
              "variance": 0.00005913500247440519,
              "sd": 0.007689928639097062,
              "sem": 0.000034596523706650236,
              "df": 49405,
              "critical": 1.96,
              "moe": 0.00006780918646503447,
              "p75": 0.009957998991012573,
              "p99": 0.010666999965906143,
              "p995": 0.011541999876499176,
              "p999": 0.1430839989334345
            },
            {
              "id": "-504382355_0_7",
              "sampleCount": 46603,
              "name": "replace string by length, single user",
              "rank": 5,
              "rme": 0.46420946898858995,
              "totalTime": 500.0054359715432,
              "min": 0.010124998167157173,
              "max": 0.242917001247406,
              "hz": 93204.98668068944,
              "period": 0.010729039674946745,
              "mean": 0.010729039674946745,
              "variance": 0.00003009202572912268,
              "sd": 0.005485619903814215,
              "sem": 0.000025410825562574197,
              "df": 46602,
              "critical": 1.96,
              "moe": 0.00004980521810264542,
              "p75": 0.010624999180436134,
              "p99": 0.011334000155329704,
              "p995": 0.01183299906551838,
              "p999": 0.1503749992698431
            },
            {
              "id": "-504382355_0_8",
              "sampleCount": 38266,
              "name": "retain structure, single user",
              "rank": 6,
              "rme": 1.5219251423659632,
              "totalTime": 500.0034809857607,
              "min": 0.011374998837709427,
              "max": 2.8528749998658895,
              "hz": 76531.46719010493,
              "period": 0.013066520696852577,
              "mean": 0.013066520696852577,
              "variance": 0.00039391945395044517,
              "sd": 0.019847404211897464,
              "sem": 0.00010146054271318961,