{
  "files": [
    {
      "filepath": "/Users/ben/Code/green_code/packages/deep-redact/test/redact.bench.ts",
      "groups": [
        {
          "fullName": "test/redact.bench.ts > Redaction benchmark",
          "benchmarks": [
            {
              "id": "-504382355_0_0",
              "sampleCount": 140965,
              "name": "JSON.stringify, single object",
              "rank": 1,
              "rme": 0.6085308582534368,
              "totalTime": 500.00102400001407,
              "min": 0.003291999999987638,
              "max": 1.4593339999999557,
              "hz": 281929.4226085346,
              "period": 0.003546987010960267,
              "mean": 0.003546987010960267,
              "variance": 0.000017095569033292824,
              "sd": 0.004134678830730728,
              "sem": 0.000011012505357109406,
              "df": 140964,
              "critical": 1.96,
              "moe": 0.000021584510499934435,
              "p75": 0.003500000000030923,
              "p99": 0.0038329999999859865,
              "p995": 0.004458999999997104,
              "p999": 0.009666999999978998
            },
            {
              "id": "-504382355_0_1",
              "sampleCount": 188,
              "name": "JSON.stringify, 1000 objects",
              "rank": 11,
              "rme": 0.29895452546244516,
              "totalTime": 501.4779140000012,
              "min": 2.593249999999898,
              "max": 2.9849999999999,
              "hz": 374.8918840720861,
              "period": 2.667435712765964,
              "mean": 2.667435712765964,
              "variance": 0.003112030848331344,
              "sd": 0.05578557921480554,
              "sem": 0.004068581518936367,
              "df": 187,
              "critical": 1.96,
              "moe": 0.007974419777115278,
              "p75": 2.6629579999998896,
              "p99": 2.903374999999869,
              "p995": 2.9849999999999,
              "p999": 2.9849999999999
            },
            {
              "id": "-504382355_0_2",
              "sampleCount": 9823,
              "name": "fast redact, single object",
              "rank": 10,
              "rme": 0.47607850984257005,
              "totalTime": 500.0118939999909,
              "min": 0.048166999999921245,
              "max": 0.3123330000000806,
              "hz": 19645.532672069156,
              "period": 0.050902157589330234,
              "mean": 0.050902157589330234,
              "variance": 0.00015016251706520832,
              "sd": 0.012254081649197883,
              "sem": 0.00012363991496377555,
              "df": 9822,
              "critical": 1.96,
              "moe": 0.00024233423332900006,
              "p75": 0.05041699999992488,
              "p99": 0.06587500000000546,
              "p995": 0.18891700000017408,
              "p999": 0.2270419999999831
            },
            {
              "id": "-504382355_0_3",
              "sampleCount": 37,
              "name": "fast redact, 1000 objects",
              "rank": 13,
              "rme": 1.2335741572656644,
              "totalTime": 509.1919990000006,
              "min": 13.235125000000153,
              "max": 15.801124999999956,
              "hz": 72.66414254871266,
              "period": 13.761945918918935,
              "mean": 13.761945918918935,
              "variance": 0.2589146537325532,
              "sd": 0.508836568784667,
              "sem": 0.08365221661213203,
              "df": 36,
              "critical": 2.0294,
              "moe": 0.16976380839266073,
              "p75": 13.939417000000049,
              "p99": 15.801124999999956,
              "p995": 15.801124999999956,
              "p999": 15.801124999999956
            },
            {
              "id": "-504382355_0_4",
              "sampleCount": 43694,
              "name": "default config, single object",
              "rank": 3,
              "rme": 0.40515732539117744,
              "totalTime": 500.00703999999496,
              "min": 0.010957999999845924,
              "max": 0.22129100000029212,
              "hz": 87386.769594285,
              "period": 0.011443379869089462,
              "mean": 0.011443379869089462,
              "variance": 0.00002444925793524935,
              "sd": 0.004944619088994556,
              "sem": 0.000023654944802018005,
              "df": 43693,
              "critical": 1.96,
              "moe": 0.00004636369181195529,
              "p75": 0.011292000000139524,
              "p99": 0.012083000000075117,
              "p995": 0.012457999999696767,
              "p999": 0.04141699999991033
            },
            {
              "id": "-504382355_0_5",
              "sampleCount": 32930,
              "name": "config per key, single object",
              "rank": 9,
              "rme": 0.4790469171887001,
              "totalTime": 500.011783000014,
              "min": 0.014499999999770807,
              "max": 0.2534169999998994,
              "hz": 65858.44797981306,
              "period": 0.015184080868509383,
              "mean": 0.015184080868509383,
              "variance": 0.00004535369796839737,
              "sd": 0.006734515421943688,
              "sem": 0.00003711166903267011,
              "df": 32929,
              "critical": 1.96,
              "moe": 0.0000727388713040334,
              "p75": 0.014875000000301952,
              "p99": 0.018458000000009633,
              "p995": 0.020958000000064203,
              "p999": 0.17295899999999165
            },
            {
              "id": "-504382355_0_6",
              "sampleCount": 42642,
              "name": "fuzzy matching, single object",
              "rank": 6,
              "rme": 0.48302393671526833,
              "totalTime": 500.0070040000255,
              "min": 0.011082999999416643,
              "max": 0.230333000000428,
              "hz": 85282.8053584582,
              "period": 0.01172569307255817,
              "mean": 0.01172569307255817,
              "variance": 0.00003560735984873826,
              "sd": 0.005967190280922694,
              "sem": 0.000028896889941948967,
              "df": 42641,
              "critical": 1.96,
              "moe": 0.000056637904286219974,
              "p75": 0.011500000000523869,
              "p99": 0.012291999999433756,
              "p995": 0.012582999999722233,
              "p999": 0.1705419999998412
            },
            {
              "id": "-504382355_0_7",
              "sampleCount": 40680,
              "name": "case insensitive matching, single object",
              "rank": 8,
              "rme": 0.6800812865138026,
              "totalTime": 500.0032210000945,
              "min": 0.011249999999563443,
              "max": 1.1875419999996666,
              "hz": 81359.475882241,
              "period": 0.012291131293021005,
              "mean": 0.012291131293021005,
              "variance": 0.0000739901940964397,
              "sd": 0.008601755291592508,
              "sem": 0.000042647797869733586,
              "df": 40679,
              "critical": 1.96,
              "moe": 0.00008358968382467783,
              "p75": 0.011583000000428001,
              "p99": 0.030499999999847205,
              "p995": 0.031957999999576714,
              "p999": 0.14895800000067538
            },
            {
              "id": "-504382355_0_8",
              "sampleCount": 42890,
              "name": "fuzzy and case insensitive matching, single object",
              "rank": 5,
              "rme": 0.411979361677413,
              "totalTime": 500.0107599998173,
              "min": 0.011082999999416643,
              "max": 0.18862499999977445,
              "hz": 85778.1540541561,
              "period": 0.011657979948701732,
              "mean": 0.011657979948701732,
              "variance": 0.000025753806735361,
              "sd": 0.005074820857464922,
              "sem": 0.000024504322131194997,
              "df": 42889,