{
  "files": [
    {
      "filepath": "/Users/ben/Code/green_code/packages/deep-redact/test/bench/redact.bench.ts",
      "groups": [
        {
          "fullName": "test/bench/redact.bench.ts > Redaction benchmark",
          "benchmarks": [
            {
              "id": "-819135410_0_0",
              "sampleCount": 148001,
              "median": 0.003249999999979991,
              "name": "JSON.stringify, large object",
              "rank": 2,
              "rme": 0.6348013199549679,
              "totalTime": 500.00267999999943,
              "min": 0.003084000000001197,
              "max": 1.41454200000004,
              "hz": 296000.4134377843,
              "period": 0.003378373659637431,
              "mean": 0.003378373659637431,
              "variance": 0.000017719175678500722,
              "sd": 0.004209415123090228,
              "sem": 0.000010941816624688453,
              "df": 148000,
              "critical": 1.96,
              "moe": 0.000021445960584389367,
              "p75": 0.003291999999987638,
              "p99": 0.0040840000000343935,
              "p995": 0.010750000000030013,
              "p999": 0.01245899999997846
            },
            {
              "id": "-819135410_0_1",
              "sampleCount": 212,
              "median": 2.3297704999999382,
              "name": "JSON.stringify, 1000 large objects",
              "rank": 16,
              "rme": 0.3944021093991861,
              "totalTime": 501.1706109999983,
              "min": 2.312166000000161,
              "max": 2.7500420000000076,
              "hz": 423.009640523396,
              "period": 2.3640123160377278,
              "mean": 2.3640123160377278,
              "variance": 0.004797352667334387,
              "sd": 0.06926292418988955,
              "sem": 0.004756997163729262,
              "df": 211,
              "critical": 1.96,
              "moe": 0.009323714440909353,
              "p75": 2.363790999999992,
              "p99": 2.5506249999998545,
              "p995": 2.578416999999945,
              "p999": 2.7500420000000076
            },
            {
              "id": "-819135410_0_2",
              "sampleCount": 4870,
              "median": 0.0989999999999327,
              "name": "fast redact, large object",
              "rank": 13,
              "rme": 0.5082695424381005,
              "totalTime": 500.03239999999255,
              "min": 0.09733399999981884,
              "max": 0.3672910000000229,
              "hz": 9739.368888896144,
              "period": 0.102676057494865,
              "mean": 0.102676057494865,
              "variance": 0.000345257688887596,
              "sd": 0.018581111077855275,
              "sem": 0.0002662607793993017,
              "df": 4869,
              "critical": 1.96,
              "moe": 0.0005218711276226314,
              "p75": 0.10212499999988722,
              "p99": 0.23562500000002728,
              "p995": 0.2612500000000182,
              "p999": 0.3252079999999751
            },
            {
              "id": "-819135410_0_3",
              "sampleCount": 97,
              "median": 5.171041000000059,
              "name": "fast redact, 1000 large objects",
              "rank": 18,
              "rme": 0.3103011158500619,
              "totalTime": 504.95245699999987,
              "min": 5.125042000000121,
              "max": 5.4871250000001055,
              "hz": 192.09729283483819,
              "period": 5.205695432989689,
              "mean": 5.205695432989689,
              "variance": 0.00642225265258314,
              "sd": 0.08013895839467307,
              "sem": 0.008136878408383395,
              "df": 96,
              "critical": 1.9852,
              "moe": 0.016153331016322717,
              "p75": 5.22545799999989,
              "p99": 5.4871250000001055,
              "p995": 5.4871250000001055,
              "p999": 5.4871250000001055
            },
            {
              "id": "-819135410_0_4",
              "sampleCount": 5019,
              "median": 0.08512500000006185,
              "name": "ObGlob, large object",
              "rank": 12,
              "rme": 3.383907868434928,
              "totalTime": 500.3971970000189,
              "min": 0.08108299999958035,
              "max": 1.9358750000001237,
              "hz": 10030.032202598071,
              "period": 0.09970057720661862,
              "mean": 0.09970057720661862,
              "variance": 0.01487090703785329,
              "sd": 0.12194632851321638,
              "sem": 0.0017213141209029635,
              "df": 5018,
              "critical": 1.96,
              "moe": 0.003373775676969808,
              "p75": 0.08812499999976353,
              "p99": 0.3234170000000631,
              "p995": 1.2853329999998095,
              "p999": 1.5192500000002838
            },
            {
              "id": "-819135410_0_5",
              "sampleCount": 18878,
              "median": 0.025165999999899213,
              "name": "Regex replace, large object",
              "rank": 3,
              "rme": 0.7371112075718097,
              "totalTime": 500.0221300000235,
              "min": 0.024499999999989086,
              "max": 0.6934590000000753,
              "hz": 37754.32899339698,
              "period": 0.026487028816613172,
              "mean": 0.026487028816613172,
              "variance": 0.0001873166388148123,
              "sd": 0.013686366896105494,
              "sem": 0.00009961166222450538,
              "df": 18877,
              "critical": 1.96,
              "moe": 0.00019523885796003055,
              "p75": 0.02562500000021828,
              "p99": 0.03470800000013696,
              "p995": 0.17095800000015515,
              "p999": 0.21600000000034925
            },
            {
              "id": "-819135410_0_6",
              "sampleCount": 16748,
              "median": 0.02866600000015751,
              "name": "DeepRedact, default config, large object",
              "rank": 5,
              "rme": 0.7005612548187129,
              "totalTime": 500.00840100000414,
              "min": 0.028166000000055647,
              "max": 1.0733749999999418,
              "hz": 33495.43720966372,
              "period": 0.029854812574636024,
              "mean": 0.029854812574636024,
              "variance": 0.00019070924061351322,
              "sd": 0.013809751649233712,
              "sem": 0.00010670982122277806,
              "df": 16747,
              "critical": 1.96,
              "moe": 0.000209151249596645,
              "p75": 0.029083999999784282,
              "p99": 0.03908400000000256,
              "p995": 0.06370799999967858,
              "p999": 0.22687500000029104
            },
            {
              "id": "-819135410_0_7",
              "sampleCount": 189,
              "median": 2.5965839999998934,
              "name": "ObGlob, 1000 large objects",
              "rank": 17,
              "rme": 0.7578518361645873,
              "totalTime": 501.0979990000069,
              "min": 2.5547090000000026,
              "max": 3.284834000000046,
              "hz": 377.17173163167513,
              "period": 2.6513121640212005,
              "mean": 2.6513121640212005,
              "variance": 0.019862778724269687,
              "sd": 0.14093537073520504,
              "sem": 0.010251539753821289,
              "df": 188,
              "critical": 1.96,
              "moe": 0.020093017917489724,
              "p75": 2.6566670000001977,
              "p99": 3.2344160000002375,
              "p995": 3.284834000000046,
              "p999": 3.284834000000046
            },
            {
              "id": "-819135410_0_8",
              "sampleCount": 93,
              "median": 5.410041999999521,
              "name": "Regex replace, 1000 large objects",
              "rank": 19,
              "rme": 1.975272568330395,
              "totalTime": 504.16616800000156,
              "min": 4.927166000000398,