{
  "files": [
    {
      "filepath": "/Users/ben.green/Code/deep-redact/test/bench/redact.bench.ts",
      "groups": [
        {
          "fullName": "test/bench/redact.bench.ts > Redaction benchmark",
          "benchmarks": [
            {
              "id": "-819135410_0_0",
              "sampleCount": 172260,
              "median": 0.0028330000000096334,
              "name": "JSON.stringify, large object",
              "rank": 2,
              "rme": 0.46679447621362946,
              "totalTime": 500.0007239999932,
              "min": 0.0025829999999587017,
              "max": 0.9759590000000458,
              "hz": 344519.50113576703,
              "period": 0.0029025933124346526,
              "mean": 0.0029025933124346526,
              "variance": 0.000008231824393414793,
              "sd": 0.002869115611719889,
              "sem": 0.000006912829208873048,
              "df": 172259,
              "critical": 1.96,
              "moe": 0.000013549145249391174,
              "p75": 0.002916000000027452,
              "p99": 0.0035830000000487416,
              "p995": 0.008709000000010292,
              "p999": 0.010708000000022366
            },
            {
              "id": "-819135410_0_1",
              "sampleCount": 254,
              "median": 1.9624794999999722,
              "name": "JSON.stringify, 1000 large objects",
              "rank": 16,
              "rme": 0.46827694075705273,
              "totalTime": 501.1335579999999,
              "min": 1.8736249999999472,
              "max": 2.365542000000005,
              "hz": 506.8509101918895,
              "period": 1.9729667637795272,
              "mean": 1.9729667637795272,
              "variance": 0.005643735571485929,
              "sd": 0.07512479997634555,
              "sem": 0.004713749185500101,
              "df": 253,
              "critical": 1.96,
              "moe": 0.009238948403580197,
              "p75": 2.0231669999998303,
              "p99": 2.228666999999973,
              "p995": 2.3110829999999396,
              "p999": 2.365542000000005
            },
            {
              "id": "-819135410_0_2",
              "sampleCount": 6159,
              "median": 0.07875000000012733,
              "name": "fast redact, large object",
              "rank": 13,
              "rme": 0.3189392504196964,
              "totalTime": 500.024504000025,
              "min": 0.07712500000002365,
              "max": 0.22116600000003928,
              "hz": 12317.39634903911,
              "period": 0.08118598863452264,
              "mean": 0.08118598863452264,
              "variance": 0.00010749200583550826,
              "sd": 0.010367835156651954,
              "sem": 0.0001321091753044727,
              "df": 6158,
              "critical": 1.96,
              "moe": 0.00025893398359676646,
              "p75": 0.08045800000013514,
              "p99": 0.14325000000008004,
              "p995": 0.16229100000009566,
              "p999": 0.20333300000015697
            },
            {
              "id": "-819135410_0_3",
              "sampleCount": 119,
              "median": 4.230915999999979,
              "name": "fast redact, 1000 large objects",
              "rank": 19,
              "rme": 0.46161379779982964,
              "totalTime": 502.01729899999964,
              "min": 3.972458000000188,
              "max": 4.541834000000108,
              "hz": 237.04362426761728,
              "period": 4.2186327647058794,
              "mean": 4.2186327647058794,
              "variance": 0.011506470593318665,
              "sd": 0.10726821800197235,
              "sem": 0.009833261422130257,
              "df": 118,
              "critical": 1.9804,
              "moe": 0.01947379092038676,
              "p75": 4.294957999999951,
              "p99": 4.464500000000044,
              "p995": 4.541834000000108,
              "p999": 4.541834000000108
            },
            {
              "id": "-819135410_0_4",
              "sampleCount": 6559,
              "median": 0.06424999999990177,
              "name": "ObGlob, large object",
              "rank": 12,
              "rme": 3.2326975207053543,
              "totalTime": 500.0026190000235,
              "min": 0.06024999999999636,
              "max": 1.966584000000239,
              "hz": 13117.931288275295,
              "period": 0.07623153209331049,
              "mean": 0.07623153209331049,
              "variance": 0.010368714704161494,
              "sd": 0.10182688595926664,
              "sem": 0.0012573136979470176,
              "df": 6558,
              "critical": 1.96,
              "moe": 0.0024643348479761545,
              "p75": 0.06691599999976461,
              "p99": 0.5650420000001759,
              "p995": 1.0132920000000922,
              "p999": 1.3517910000000484
            },
            {
              "id": "-819135410_0_5",
              "sampleCount": 22719,
              "median": 0.020667000000230473,
              "name": "Regex replace, large object",
              "rank": 4,
              "rme": 0.5340964608794774,
              "totalTime": 500.00327900001093,
              "min": 0.018875000000207365,
              "max": 0.7507080000000315,
              "hz": 45437.70201954916,
              "period": 0.022008155244509484,
              "mean": 0.022008155244509484,
              "variance": 0.00008171160685586817,
              "sd": 0.009039447264953105,
              "sem": 0.0000599718256458093,
              "df": 22718,
              "critical": 1.96,
              "moe": 0.00011754477826578623,
              "p75": 0.02087500000016007,
              "p99": 0.04462499999999636,
              "p995": 0.08470799999986411,
              "p999": 0.10125000000016371
            },
            {
              "id": "-819135410_0_6",
              "sampleCount": 21794,
              "median": 0.02250000000003638,
              "name": "DeepRedact, default config, large object",
              "rank": 5,
              "rme": 0.4883945773659083,
              "totalTime": 500.00640599992903,
              "min": 0.020666999999775726,
              "max": 1.0084170000000086,
              "hz": 43587.44155770495,
              "period": 0.022942388088461458,
              "mean": 0.022942388088461458,
              "variance": 0.00007122684610036388,
              "sd": 0.008439599877977858,
              "sem": 0.00005716805068484072,
              "df": 21793,
              "critical": 1.96,
              "moe": 0.00011204937934228782,
              "p75": 0.022707999999965978,
              "p99": 0.02824999999938882,
              "p995": 0.0376669999996011,
              "p999": 0.10962500000005093
            },
            {
              "id": "-819135410_0_7",
              "sampleCount": 218,
              "median": 2.1429164999999557,
              "name": "ObGlob, 1000 large objects",
              "rank": 17,
              "rme": 7.42404904285546,
              "totalTime": 500.300615999995,
              "min": 1.9889169999996739,
              "max": 19.88287500000024,
              "hz": 435.7380203585482,
              "period": 2.294956954128417,
              "mean": 2.294956954128417,
              "variance": 1.6473091214361226,
              "sd": 1.28347540741384,
              "sem": 0.0869279233606712,
              "df": 217,
              "critical": 1.96,
              "moe": 0.17037872978691557,
              "p75": 2.17766599999959,
              "p99": 5.083250000000589,
              "p995": 8.002249999999549,
              "p999": 19.88287500000024
            },
            {
              "id": "-819135410_0_8",
              "sampleCount": 115,
              "median": 4.286333000000013,
              "name": "Regex replace, 1000 large objects",
              "rank": 20,
              "rme": 1.0475375593033083,
              "totalTime": 501.4477489999972,
              "min": 4.040166999999201,