{
  "files": [
    {
      "filepath": "/Users/ben.green/Code/deep-redact/test/bench/redact.bench.ts",
      "groups": [
        {
          "fullName": "test/bench/redact.bench.ts > Redaction benchmark",
          "benchmarks": [
            {
              "id": "-819135410_0_0",
              "sampleCount": 177504,
              "median": 0.0027910000000019863,
              "name": "JSON.stringify, large object",
              "rank": 1,
              "rme": 0.5154928958635909,
              "totalTime": 500.00099000000205,
              "min": 0.002499999999940883,
              "max": 1.17595799999998,
              "hz": 355007.29708555026,
              "period": 0.0028168435077519497,
              "mean": 0.0028168435077519497,
              "variance": 0.0000097424191560761,
              "sd": 0.003121284856605706,
              "sem": 0.000007408483760232693,
              "df": 177503,
              "critical": 1.96,
              "moe": 0.000014520628170056079,
              "p75": 0.0027919999999994616,
              "p99": 0.003500000000030923,
              "p995": 0.008624999999994998,
              "p999": 0.010583999999994376
            },
            {
              "id": "-819135410_0_1",
              "sampleCount": 248,
              "median": 2.0265419999998358,
              "name": "JSON.stringify, 1000 large objects",
              "rank": 16,
              "rme": 0.29190854363429686,
              "totalTime": 500.0750359999987,
              "min": 1.909541999999874,
              "max": 2.161958000000027,
              "hz": 495.92557545704136,
              "period": 2.016431596774188,
              "mean": 2.016431596774188,
              "variance": 0.00223666086331886,
              "sd": 0.04729334903893845,
              "sem": 0.00300313066710476,
              "df": 247,
              "critical": 1.96,
              "moe": 0.00588613610752533,
              "p75": 2.040499999999838,
              "p99": 2.124832999999967,
              "p995": 2.1387500000000728,
              "p999": 2.161958000000027
            },
            {
              "id": "-819135410_0_2",
              "sampleCount": 5879,
              "median": 0.07929200000012315,
              "name": "fast redact, large object",
              "rank": 13,
              "rme": 1.1680969261977718,
              "totalTime": 500.0449419999893,
              "min": 0.07758300000000418,
              "max": 2.763125000000173,
              "hz": 11756.943238914166,
              "period": 0.08505612212961206,
              "mean": 0.08505612212961206,
              "variance": 0.0015106374141431458,
              "sd": 0.03886691927775014,
              "sem": 0.0005069071163974597,
              "df": 5878,
              "critical": 1.96,
              "moe": 0.0009935379481390211,
              "p75": 0.08154199999989942,
              "p99": 0.14691700000003038,
              "p995": 0.17725000000018554,
              "p999": 0.2839999999998781
            },
            {
              "id": "-819135410_0_3",
              "sampleCount": 119,
              "median": 4.26949999999988,
              "name": "fast redact, 1000 large objects",
              "rank": 19,
              "rme": 0.4950712615596195,
              "totalTime": 502.226332000002,
              "min": 3.9662499999999454,
              "max": 4.4684580000002825,
              "hz": 236.9449636901944,
              "period": 4.220389344537832,
              "mean": 4.220389344537832,
              "variance": 0.013245903755568675,
              "sd": 0.11509085000802051,
              "sem": 0.010550360922405171,
              "df": 118,
              "critical": 1.9804,
              "moe": 0.0208939347707312,
              "p75": 4.312582999999904,
              "p99": 4.374083000000155,
              "p995": 4.4684580000002825,
              "p999": 4.4684580000002825
            },
            {
              "id": "-819135410_0_4",
              "sampleCount": 6738,
              "median": 0.06295899999986432,
              "name": "ObGlob, large object",
              "rank": 12,
              "rme": 2.9726427787357785,
              "totalTime": 500.05132400000866,
              "min": 0.06037500000002183,
              "max": 1.3368340000001808,
              "hz": 13474.616857528574,
              "period": 0.07421361294152697,
              "mean": 0.07421361294152697,
              "variance": 0.00853633519955223,
              "sd": 0.0923922897191764,
              "sem": 0.00112556408466593,
              "df": 6737,
              "critical": 1.96,
              "moe": 0.0022061056059452227,
              "p75": 0.06629100000009203,
              "p99": 0.41225000000031287,
              "p995": 0.9788329999996677,
              "p999": 1.1199169999999867
            },
            {
              "id": "-819135410_0_5",
              "sampleCount": 22435,
              "median": 0.020916000000397617,
              "name": "Regex replace, large object",
              "rank": 4,
              "rme": 0.628208397649849,
              "totalTime": 500.020320000051,
              "min": 0.018915999999990163,
              "max": 1.2397919999998521,
              "hz": 44868.17655730013,
              "period": 0.022287511477604237,
              "mean": 0.022287511477604237,
              "variance": 0.00011448393963338292,
              "sd": 0.010699716801550541,
              "sem": 0.0000714347034334101,
              "df": 22434,
              "critical": 1.96,
              "moe": 0.00014001201872948377,
              "p75": 0.021208000000115135,
              "p99": 0.04425000000037471,
              "p995": 0.07491699999991397,
              "p999": 0.09983399999964604
            },
            {
              "id": "-819135410_0_6",
              "sampleCount": 21586,
              "median": 0.022708999999849766,
              "name": "DeepRedact, default config, large object",
              "rank": 5,
              "rme": 0.387944490155888,
              "totalTime": 500.00906099985605,
              "min": 0.020915999999488122,
              "max": 0.773457999999664,
              "hz": 43171.217651206156,
              "period": 0.02316358107105791,
              "mean": 0.02316358107105791,
              "variance": 0.000045374370183196294,
              "sd": 0.006736050043103621,
              "sem": 0.00004584787575916397,
              "df": 21585,
              "critical": 1.96,
              "moe": 0.00008986183648796138,
              "p75": 0.022875000000567525,
              "p99": 0.027249999999185093,
              "p995": 0.03341599999930622,
              "p999": 0.09679199999936827
            },
            {
              "id": "-819135410_0_7",
              "sampleCount": 232,
              "median": 2.138479500000358,
              "name": "ObGlob, 1000 large objects",
              "rank": 17,
              "rme": 0.5717895566730795,
              "totalTime": 500.8180789999942,
              "min": 1.9820410000002084,
              "max": 2.49791599999935,
              "hz": 463.24206279303,
              "period": 2.1586986163792856,
              "mean": 2.1586986163792856,
              "variance": 0.009200942285802982,
              "sd": 0.09592154234478813,
              "sem": 0.006297557779848478,
              "df": 231,
              "critical": 1.96,
              "moe": 0.012343213248503017,
              "p75": 2.151832999999897,
              "p99": 2.4285420000005615,
              "p995": 2.431624999999258,
              "p999": 2.49791599999935
            },
            {
              "id": "-819135410_0_8",
              "sampleCount": 115,
              "median": 4.288165999999364,
              "name": "Regex replace, 1000 large objects",
              "rank": 20,
              "rme": 1.2666839728169819,
              "totalTime": 502.65642100000514,
              "min": 4.106332999999722,