{
  "files": [
    {
      "filepath": "/Users/ben/Code/green_code/packages/deep-redact/test/bench/redact.bench.ts",
      "groups": [
        {
          "fullName": "test/bench/redact.bench.ts > Redaction benchmark",
          "benchmarks": [
            {
              "id": "-819135410_0_0",
              "sampleCount": 145782,
              "median": 0.003290999999990163,
              "name": "JSON.stringify, large object",
              "rank": 1,
              "rme": 0.8870568700276119,
              "totalTime": 500.00180299991825,
              "min": 0.0031249999992724042,
              "max": 2.063833000000159,
              "hz": 291562.9486240549,
              "period": 0.003429791078459057,
              "mean": 0.003429791078459057,
              "variance": 0.0000351261071269079,
              "sd": 0.005926728197488721,
              "sem": 0.000015522549688298566,
              "df": 145781,
              "critical": 1.96,
              "moe": 0.000030424197389065188,
              "p75": 0.003333999999995285,
              "p99": 0.004125000000385626,
              "p995": 0.010833999999704247,
              "p999": 0.01587500000005093
            },
            {
              "id": "-819135410_0_1",
              "sampleCount": 212,
              "median": 2.3292915000001813,
              "name": "JSON.stringify, 1000 large objects",
              "rank": 16,
              "rme": 0.45104485524471943,
              "totalTime": 501.17604400000437,
              "min": 2.3062910000007832,
              "max": 2.8528749999995853,
              "hz": 423.00505488645854,
              "period": 2.364037943396247,
              "mean": 2.364037943396247,
              "variance": 0.006274398104376351,
              "sd": 0.07921109836617815,
              "sem": 0.005440240571286656,
              "df": 211,
              "critical": 1.96,
              "moe": 0.010662871519721845,
              "p75": 2.371708000000581,
              "p99": 2.626333999999588,
              "p995": 2.77612500000032,
              "p999": 2.8528749999995853
            },
            {
              "id": "-819135410_0_2",
              "sampleCount": 4874,
              "median": 0.0987089999998716,
              "name": "fast redact, large object",
              "rank": 13,
              "rme": 0.5118191395191598,
              "totalTime": 500.0214879999721,
              "min": 0.0970420000003287,
              "max": 0.35408299999926385,
              "hz": 9747.581087955707,
              "period": 0.10258955437012149,
              "mean": 0.10258955437012149,
              "variance": 0.00034979428808629636,
              "sd": 0.018702788243636196,
              "sem": 0.0002678943747008655,
              "df": 4873,
              "critical": 1.96,
              "moe": 0.0005250729744136964,
              "p75": 0.10229200000048877,
              "p99": 0.2380830000001879,
              "p995": 0.261874999999236,
              "p999": 0.3040420000006634
            },
            {
              "id": "-819135410_0_3",
              "sampleCount": 96,
              "median": 5.234520999999859,
              "name": "fast redact, 1000 large objects",
              "rank": 19,
              "rme": 0.394262877661955,
              "totalTime": 504.504245000001,
              "min": 5.138458999999784,
              "max": 5.558582999999999,
              "hz": 190.28581216397853,
              "period": 5.255252552083344,
              "mean": 5.255252552083344,
              "variance": 0.01045419047544304,
              "sd": 0.10224573573231814,
              "sem": 0.0104354117049847,
              "df": 95,
              "critical": 1.9855,
              "moe": 0.02071950994024712,
              "p75": 5.281458000000384,
              "p99": 5.558582999999999,
              "p995": 5.558582999999999,
              "p999": 5.558582999999999
            },
            {
              "id": "-819135410_0_4",
              "sampleCount": 5045,
              "median": 0.08316699999977573,
              "name": "ObGlob, large object",
              "rank": 12,
              "rme": 3.594136685057101,
              "totalTime": 500.04769800001213,
              "min": 0.07924999999977445,
              "max": 2.204291000000012,
              "hz": 10089.037546174,
              "period": 0.09911748225966543,
              "mean": 0.09911748225966543,
              "variance": 0.01666628215291406,
              "sd": 0.12909795564963086,
              "sem": 0.001817560097550816,
              "df": 5044,
              "critical": 1.96,
              "moe": 0.0035624177911995993,
              "p75": 0.08624999999938154,
              "p99": 0.8673749999998108,
              "p995": 1.2879589999993186,
              "p999": 1.5942910000003394
            },
            {
              "id": "-819135410_0_5",
              "sampleCount": 18490,
              "median": 0.025540999999066116,
              "name": "Regex replace, large object",
              "rank": 3,
              "rme": 0.9304875362132065,
              "totalTime": 500.0254590000368,
              "min": 0.024708999999347725,
              "max": 1.024874999999156,
              "hz": 36978.117148228324,
              "period": 0.027043021038401123,
              "mean": 0.027043021038401123,
              "variance": 0.00030475883226873865,
              "sd": 0.017457343219079432,
              "sem": 0.00012838364294787637,
              "df": 18489,
              "critical": 1.96,
              "moe": 0.0002516319401778377,
              "p75": 0.02604100000098697,
              "p99": 0.03554199999962293,
              "p995": 0.17475000000013097,
              "p999": 0.2376670000012382
            },
            {
              "id": "-819135410_0_6",
              "sampleCount": 16465,
              "median": 0.029291000000739587,
              "name": "DeepRedact, default config, large object",
              "rank": 5,
              "rme": 0.6481634983332594,
              "totalTime": 500.0171320001282,
              "min": 0.028749999999490683,
              "max": 1.107292000000598,
              "hz": 32928.87172513077,
              "period": 0.030368486607964058,
              "mean": 0.030368486607964058,
              "variance": 0.00016605999918708214,
              "sd": 0.012886426936396378,
              "sem": 0.0001004272679535955,
              "df": 16464,
              "critical": 1.96,
              "moe": 0.0001968374451890472,
              "p75": 0.029792000001179986,
              "p99": 0.03616699999838602,
              "p995": 0.06183299999975134,
              "p999": 0.19425000000046566
            },
            {
              "id": "-819135410_0_7",
              "sampleCount": 188,
              "median": 2.6138535000000047,
              "name": "ObGlob, 1000 large objects",
              "rank": 17,
              "rme": 0.8053985247377499,
              "totalTime": 502.07795799999076,
              "min": 2.5694579999999405,
              "max": 3.515957999999955,
              "hz": 374.44384284243654,
              "period": 2.6706274361701636,
              "mean": 2.6706274361701636,
              "variance": 0.02264091523385702,
              "sd": 0.1504689842919697,
              "sem": 0.010974078557222496,
              "df": 187,
              "critical": 1.96,
              "moe": 0.02150919397215609,
              "p75": 2.6572909999995318,
              "p99": 3.18145800000093,
              "p995": 3.515957999999955,
              "p999": 3.515957999999955
            },
            {
              "id": "-819135410_0_8",
              "sampleCount": 96,
              "median": 5.064458000000741,
              "name": "Regex replace, 1000 large objects",
              "rank": 18,
              "rme": 1.2612439110138807,
              "totalTime": 502.5853739999966,
              "min": 4.976040999999896,