{
  "files": [
    {
      "filepath": "/Users/ben/Code/green_code/packages/deep-redact/test/redact.bench.ts",
      "groups": [
        {
          "fullName": "test/redact.bench.ts > Redaction benchmark",
          "benchmarks": [
            {
              "id": "-504382355_0_0",
              "sampleCount": 1939425,
              "name": "JSON.stringify, tiny object",
              "rank": 1,
              "rme": 0.7728150409179783,
              "totalTime": 500.0001380000186,
              "min": 0.00012499999991177901,
              "max": 1.1863329999999905,
              "hz": 3878848.9294375516,
              "period": 0.00025780844219292756,
              "mean": 0.00025780844219292756,
              "variance": 0.0000020040393649495924,
              "sd": 0.0014156409731812627,
              "sem": 0.0000010165216418486099,
              "df": 1939424,
              "critical": 1.96,
              "moe": 0.0000019923824180232753,
              "p75": 0.0002500000000509317,
              "p99": 0.0003329999999550637,
              "p995": 0.0004999999999881766,
              "p999": 0.0008749999999508873
            },
            {
              "id": "-504382355_0_1",
              "sampleCount": 147764,
              "name": "JSON.stringify, large object",
              "rank": 3,
              "rme": 0.43103286989532386,
              "totalTime": 500.0032000000108,
              "min": 0.003084000000171727,
              "max": 0.36933399999998073,
              "hz": 295526.10863289837,
              "period": 0.0033837957824640022,
              "mean": 0.0033837957824640022,
              "variance": 0.000008182491559140574,
              "sd": 0.002860505472663979,
              "sem": 0.00000744146534313853,
              "df": 147763,
              "critical": 1.96,
              "moe": 0.000014585272072551519,
              "p75": 0.003375000000005457,
              "p99": 0.004042000000026746,
              "p995": 0.00454200000012861,
              "p999": 0.0072920000000067375
            },
            {
              "id": "-504382355_0_2",
              "sampleCount": 8002,
              "name": "JSON.stringify, 1000 tiny objects",
              "rank": 14,
              "rme": 0.27992717198895817,
              "totalTime": 500.02619599997115,
              "min": 0.06037500000002183,
              "max": 0.29937500000005457,
              "hz": 16003.161562360347,
              "period": 0.062487652586849685,
              "mean": 0.062487652586849685,
              "variance": 0.00006373308457419972,
              "sd": 0.007983300356005637,
              "sem": 0.00008924485649421091,
              "df": 8001,
              "critical": 1.96,
              "moe": 0.00017491991872865337,
              "p75": 0.06258300000035888,
              "p99": 0.06862499999988358,
              "p995": 0.07329099999969912,
              "p999": 0.24862500000017462
            },
            {
              "id": "-504382355_0_3",
              "sampleCount": 212,
              "name": "JSON.stringify, 1000 large objects",
              "rank": 18,
              "rme": 0.41594055259628737,
              "totalTime": 500.5718670000001,
              "min": 2.301249999999982,
              "max": 2.716917000000194,
              "hz": 423.5156107964013,
              "period": 2.361188051886793,
              "mean": 2.361188051886793,
              "variance": 0.005322888892485938,
              "sd": 0.07295813109233225,
              "sem": 0.005010785015742571,
              "df": 211,
              "critical": 1.96,
              "moe": 0.00982113863085544,
              "p75": 2.362916000000041,
              "p99": 2.598917000000256,
              "p995": 2.619499999999789,
              "p999": 2.716917000000194
            },
            {
              "id": "-504382355_0_4",
              "sampleCount": 114027,
              "name": "fast redact, tiny object",
              "rank": 4,
              "rme": 0.5544509073960724,
              "totalTime": 500.00014699991243,
              "min": 0.0040829999998095445,
              "max": 0.2586660000001757,
              "hz": 228053.93295218365,
              "period": 0.004384927666253716,
              "mean": 0.004384927666253716,
              "variance": 0.00001754472720971809,
              "sd": 0.004188642645263271,
              "sem": 0.000012404220017451608,
              "df": 114026,
              "critical": 1.96,
              "moe": 0.00002431227123420515,
              "p75": 0.00429100000019389,
              "p99": 0.0049579999999878055,
              "p995": 0.005083000000013271,
              "p999": 0.017083000000184256
            },
            {
              "id": "-504382355_0_5",
              "sampleCount": 9741,
              "name": "fast redact, large object",
              "rank": 13,
              "rme": 0.7358355382155563,
              "totalTime": 500.0268290000372,
              "min": 0.04808299999967858,
              "max": 1.2492919999999685,
              "hz": 19480.954690931743,
              "period": 0.051332186531160784,
              "mean": 0.051332186531160784,
              "variance": 0.00036176991333646913,
              "sd": 0.019020250086065355,
              "sem": 0.0001927145260405001,
              "df": 9740,
              "critical": 1.96,
              "moe": 0.0003777204710393802,
              "p75": 0.050166999999419204,
              "p99": 0.07475000000067666,
              "p995": 0.18983299999945302,
              "p999": 0.23729099999945902
            },
            {
              "id": "-504382355_0_6",
              "sampleCount": 3716,
              "name": "fast redact, 1000 tiny objects",
              "rank": 17,
              "rme": 0.4998356800700797,
              "totalTime": 500.07518699996854,
              "min": 0.1281250000001819,
              "max": 0.32316699999955745,
              "hz": 7430.882588462111,
              "period": 0.13457351641549206,
              "mean": 0.13457351641549206,
              "variance": 0.00043766042002691644,
              "sd": 0.020920335084001797,
              "sem": 0.0003431869647804057,
              "df": 3715,
              "critical": 1.96,
              "moe": 0.0006726464509695952,
              "p75": 0.1321250000000873,
              "p99": 0.2618750000001455,
              "p995": 0.273457999999664,
              "p999": 0.29991700000027777
            },
            {
              "id": "-504382355_0_7",
              "sampleCount": 39,
              "name": "fast redact, 1000 large objects",
              "rank": 19,
              "rme": 2.0056861952139737,
              "totalTime": 504.3790869999957,
              "min": 12.265915999999379,
              "max": 17.243249999999534,
              "hz": 77.32279352018482,
              "period": 12.932797102563992,
              "mean": 12.932797102563992,
              "variance": 0.639793271726057,
              "sd": 0.799870784393365,
              "sem": 0.12808183198753645,
              "df": 38,
              "critical": 2.0252,
              "moe": 0.2593913261411588,
              "p75": 13.145542000000205,
              "p99": 17.243249999999534,
              "p995": 17.243249999999534,
              "p999": 17.243249999999534
            },
            {
              "id": "-504382355_0_8",
              "sampleCount": 765167,
              "name": "DeepRedact, default config, tiny object",
              "rank": 2,
              "rme": 0.8490119593649863,
              "totalTime": 500.00056300068263,
              "min": 0.0004999999991923687,
              "max": 0.2882499999996071,
              "hz": 1530332.276843767,
              "period": 0.0006534528580044391,
              "mean": 0.0006534528580044391,
              "variance": 0.0000061305611416662284,
              "sd": 0.0024759969995269034,
              "sem": 0.0000028305576088112196,