{
  "files": [
    {
      "filepath": "/Users/ben/Code/green_code/packages/deep-redact/test/bench/redact.bench.ts",
      "groups": [
        {
          "fullName": "test/bench/redact.bench.ts > Redaction benchmark",
          "benchmarks": [
            {
              "id": "-819135410_0_0",
              "sampleCount": 147141,
              "median": 0.003249999999979991,
              "name": "JSON.stringify, large object",
              "rank": 1,
              "rme": 0.6467342904646147,
              "totalTime": 500.00170900000967,
              "min": 0.0030829999999468782,
              "max": 1.396458999999993,
              "hz": 294280.9941475563,
              "period": 0.003398112755792129,
              "mean": 0.003398112755792129,
              "variance": 0.000018499027927988634,
              "sd": 0.00430104963096087,
              "sem": 0.000011212632867530507,
              "df": 147140,
              "critical": 1.96,
              "moe": 0.000021976760420359792,
              "p75": 0.0032920000000444816,
              "p99": 0.004124999999987722,
              "p995": 0.010832999999990989,
              "p999": 0.014291000000014265
            },
            {
              "id": "-819135410_0_1",
              "sampleCount": 212,
              "median": 2.3271040000000767,
              "name": "JSON.stringify, 1000 large objects",
              "rank": 15,
              "rme": 0.4529402834589063,
              "totalTime": 501.33179499999846,
              "min": 2.3092920000001413,
              "max": 2.7557080000001406,
              "hz": 422.87363800654344,
              "period": 2.364772617924521,
              "mean": 2.364772617924521,
              "variance": 0.006331176038608503,
              "sd": 0.07956868755112467,
              "sem": 0.005464799897339758,
              "df": 211,
              "critical": 1.96,
              "moe": 0.010711007798785926,
              "p75": 2.3665000000000873,
              "p99": 2.6647080000000187,
              "p995": 2.6806250000000773,
              "p999": 2.7557080000001406
            },
            {
              "id": "-819135410_0_2",
              "sampleCount": 4864,
              "median": 0.0989159999999174,
              "name": "fast redact, large object",
              "rank": 12,
              "rme": 0.5269471781957468,
              "totalTime": 500.0364920000095,
              "min": 0.09716700000012679,
              "max": 0.36599999999998545,
              "hz": 9727.290063461824,
              "period": 0.10280355509868616,
              "mean": 0.10280355509868616,
              "variance": 0.00037156248339354284,
              "sd": 0.01927595609544551,
              "sem": 0.00027638797585583495,
              "df": 4863,
              "critical": 1.96,
              "moe": 0.0005417204326774365,
              "p75": 0.10237500000016553,
              "p99": 0.23866599999996652,
              "p995": 0.2670410000000629,
              "p999": 0.32287499999983993
            },
            {
              "id": "-819135410_0_3",
              "sampleCount": 96,
              "median": 5.180853999999954,
              "name": "fast redact, 1000 large objects",
              "rank": 18,
              "rme": 0.3952466346062464,
              "totalTime": 501.1966279999997,
              "min": 5.136582999999973,
              "max": 5.644209000000046,
              "hz": 191.54159193585008,
              "period": 5.22079820833333,
              "mean": 5.22079820833333,
              "variance": 0.010369113458507826,
              "sd": 0.10182884394172324,
              "sem": 0.010392862864780004,
              "df": 95,
              "critical": 1.9855,
              "moe": 0.020635029218020698,
              "p75": 5.239915999999994,
              "p99": 5.644209000000046,
              "p995": 5.644209000000046,
              "p999": 5.644209000000046
            },
            {
              "id": "-819135410_0_4",
              "sampleCount": 5025,
              "median": 0.08470800000031886,
              "name": "ObGlob, large object",
              "rank": 11,
              "rme": 3.458776816126668,
              "totalTime": 500.02614999999923,
              "min": 0.07983300000023519,
              "max": 1.9346669999999904,
              "hz": 10049.474412488242,
              "period": 0.0995076915422884,
              "mean": 0.0995076915422884,
              "variance": 0.015494669044193362,
              "sd": 0.12447758450497567,
              "sem": 0.0017559943700650555,
              "df": 5024,
              "critical": 1.96,
              "moe": 0.0034417489653275086,
              "p75": 0.08766599999989921,
              "p99": 0.3764160000000629,
              "p995": 1.308165999999801,
              "p999": 1.5145420000003469
            },
            {
              "id": "-819135410_0_5",
              "sampleCount": 19719,
              "median": 0.024292000000059488,
              "name": "Regex replace, large object",
              "rank": 2,
              "rme": 0.6584732045131005,
              "totalTime": 500.00285599999097,
              "min": 0.023791000000073836,
              "max": 0.24699999999984357,
              "hz": 39437.77473143145,
              "period": 0.02535640022313459,
              "mean": 0.02535640022313459,
              "variance": 0.00014309489945739327,
              "sd": 0.011962228030655213,
              "sem": 0.00008518627607063331,
              "df": 19718,
              "critical": 1.96,
              "moe": 0.0001669651010984413,
              "p75": 0.024750000000040018,
              "p99": 0.02758399999993344,
              "p995": 0.056125000000065484,
              "p999": 0.20495800000026065
            },
            {
              "id": "-819135410_0_6",
              "sampleCount": 16717,
              "median": 0.028999999999541615,
              "name": "DeepRedact, default config, large object",
              "rank": 4,
              "rme": 0.5941561229339143,
              "totalTime": 500.00326799995355,
              "min": 0.028540999999677297,
              "max": 1.0362500000001091,
              "hz": 33433.78147680737,
              "period": 0.029909868277798263,
              "mean": 0.029909868277798263,
              "variance": 0.00013742835705771205,
              "sd": 0.011722984136204912,
              "sem": 0.00009066903761939125,
              "df": 16716,
              "critical": 1.96,
              "moe": 0.00017771131373400687,
              "p75": 0.029333999999835214,
              "p99": 0.0342080000000351,
              "p995": 0.053833000000850006,
              "p999": 0.19012499999917054
            },
            {
              "id": "-819135410_0_7",
              "sampleCount": 187,
              "median": 2.6198749999994106,
              "name": "ObGlob, 1000 large objects",
              "rank": 16,
              "rme": 0.7656051356705754,
              "totalTime": 501.26495899999827,
              "min": 2.5891660000006596,
              "max": 3.321458000000348,
              "hz": 373.05619840863574,
              "period": 2.680561278074857,
              "mean": 2.680561278074857,
              "variance": 0.0205017351727602,
              "sd": 0.1431842699906669,
              "sem": 0.010470670821294856,
              "df": 186,
              "critical": 1.96,
              "moe": 0.020522514809737918,
              "p75": 2.6623749999998836,
              "p99": 3.2785000000003492,
              "p995": 3.321458000000348,
              "p999": 3.321458000000348
            },
            {
              "id": "-819135410_0_8",
              "sampleCount": 96,
              "median": 5.023145499999828,
              "name": "Regex replace, 1000 large objects",
              "rank": 17,
              "rme": 1.2863719051251663,
              "totalTime": 500.25903899999685,