{
  "files": [
    {
      "filepath": "/Users/ben/Code/green_code/packages/deep-redact/test/bench/redact.bench.ts",
      "groups": [
        {
          "fullName": "test/bench/redact.bench.ts > Redaction benchmark",
          "benchmarks": [
            {
              "id": "-819135410_0_0",
              "sampleCount": 147484,
              "median": 0.003249999999979991,
              "name": "JSON.stringify, large object",
              "rank": 2,
              "rme": 0.4271368036133879,
              "totalTime": 500.0030700000111,
              "min": 0.0030830000000037217,
              "max": 0.7482080000000337,
              "hz": 294966.18890759355,
              "period": 0.0033902190746115586,
              "mean": 0.0033902190746115586,
              "variance": 0.00000805048931629912,
              "sd": 0.002837338421179102,
              "sem": 0.000007388200709585301,
              "df": 147483,
              "critical": 1.96,
              "moe": 0.00001448087339078719,
              "p75": 0.00333299999999781,
              "p99": 0.004083000000036918,
              "p995": 0.010791000000040185,
              "p999": 0.012457999999980984
            },
            {
              "id": "-819135410_0_1",
              "sampleCount": 213,
              "median": 2.32224999999994,
              "name": "JSON.stringify, 1000 large objects",
              "rank": 16,
              "rme": 0.3608805492887036,
              "totalTime": 500.4861629999988,
              "min": 2.3077089999999316,
              "max": 2.6644999999999754,
              "hz": 425.5861914807833,
              "period": 2.349700295774642,
              "mean": 2.349700295774642,
              "variance": 0.003986753223691196,
              "sd": 0.06314074139326521,
              "sem": 0.004326332313280522,
              "df": 212,
              "critical": 1.96,
              "moe": 0.008479611334029823,
              "p75": 2.342792000000145,
              "p99": 2.5231670000000577,
              "p995": 2.615833000000066,
              "p999": 2.6644999999999754
            },
            {
              "id": "-819135410_0_2",
              "sampleCount": 4861,
              "median": 0.09912499999995816,
              "name": "fast redact, large object",
              "rank": 13,
              "rme": 0.5175207612149757,
              "totalTime": 500.0228989999973,
              "min": 0.09741699999995035,
              "max": 0.42849999999998545,
              "hz": 9721.554772234593,
              "period": 0.10286420469039237,
              "mean": 0.10286420469039237,
              "variance": 0.0003585895072731944,
              "sd": 0.018936459734416947,
              "sem": 0.0002716038852711476,
              "df": 4860,
              "critical": 1.96,
              "moe": 0.0005323436151314493,
              "p75": 0.10224999999991269,
              "p99": 0.2366660000000138,
              "p995": 0.26908300000013696,
              "p999": 0.30475000000001273
            },
            {
              "id": "-819135410_0_3",
              "sampleCount": 96,
              "median": 5.180250499999829,
              "name": "fast redact, 1000 large objects",
              "rank": 19,
              "rme": 0.6235605917972173,
              "totalTime": 503.3350439999999,
              "min": 5.130749999999807,
              "max": 6.149959000000308,
              "hz": 190.72782859919448,
              "period": 5.243073374999999,
              "mean": 5.243073374999999,
              "variance": 0.026029189334892726,
              "sd": 0.16133564186159463,
              "sem": 0.01646624999522152,
              "df": 95,
              "critical": 1.9855,
              "moe": 0.03269373936551233,
              "p75": 5.246082999999999,
              "p99": 6.149959000000308,
              "p995": 6.149959000000308,
              "p999": 6.149959000000308
            },
            {
              "id": "-819135410_0_4",
              "sampleCount": 5088,
              "median": 0.08395900000004985,
              "name": "ObGlob, large object",
              "rank": 12,
              "rme": 3.3672650337232315,
              "totalTime": 500.0825029999978,
              "min": 0.07958400000006804,
              "max": 1.825166999999965,
              "hz": 10174.321175960084,
              "period": 0.09828665546383605,
              "mean": 0.09828665546383605,
              "variance": 0.014507035540973965,
              "sd": 0.12044515573892528,
              "sem": 0.001688557235841722,
              "df": 5087,
              "critical": 1.96,
              "moe": 0.0033095721822497754,
              "p75": 0.08699999999998909,
              "p99": 0.3399170000002414,
              "p995": 1.2819589999999152,
              "p999": 1.431166999999732
            },
            {
              "id": "-819135410_0_5",
              "sampleCount": 18518,
              "median": 0.024750000000040018,
              "name": "Regex replace, large object",
              "rank": 3,
              "rme": 0.8507490407802594,
              "totalTime": 500.00508299998955,
              "min": 0.02420799999981682,
              "max": 1.319582999999966,
              "hz": 37035.62349585231,
              "period": 0.02700103051085374,
              "mean": 0.02700103051085374,
              "variance": 0.00025435808839909414,
              "sd": 0.01594860772603973,
              "sem": 0.00011719949391422109,
              "df": 18517,
              "critical": 1.96,
              "moe": 0.00022971100807187334,
              "p75": 0.025125000000116415,
              "p99": 0.05466699999988123,
              "p995": 0.09904099999994287,
              "p999": 0.1928749999997308
            },
            {
              "id": "-819135410_0_6",
              "sampleCount": 16775,
              "median": 0.02879099999972823,
              "name": "DeepRedact, default config, large object",
              "rank": 5,
              "rme": 0.6088950990170061,
              "totalTime": 500.0261310000742,
              "min": 0.02824999999938882,
              "max": 0.9728340000001481,
              "hz": 33548.24670152591,
              "period": 0.02980781704918475,
              "mean": 0.02980781704918475,
              "variance": 0.0001438453035401256,
              "sd": 0.011993552582122013,
              "sem": 0.0000926011924165518,
              "df": 16774,
              "critical": 1.96,
              "moe": 0.00018149833713644153,
              "p75": 0.029166999999688414,
              "p99": 0.037250000000312866,
              "p995": 0.059292000000368716,
              "p999": 0.20358299999952578
            },
            {
              "id": "-819135410_0_7",
              "sampleCount": 192,
              "median": 2.5713129999999182,
              "name": "ObGlob, 1000 large objects",
              "rank": 17,
              "rme": 0.6343048208750214,
              "totalTime": 502.4448310000089,
              "min": 2.5424580000008064,
              "max": 3.07758400000057,
              "hz": 382.13150609563456,
              "period": 2.61690016145838,
              "mean": 2.61690016145838,
              "variance": 0.013770807845260734,
              "sd": 0.1173490854044493,
              "sem": 0.008468940755926899,
              "df": 191,
              "critical": 1.96,
              "moe": 0.01659912388161672,
              "p75": 2.5966660000003685,
              "p99": 3.005833000000166,
              "p995": 3.07758400000057,
              "p999": 3.07758400000057
            },
            {
              "id": "-819135410_0_8",
              "sampleCount": 94,
              "median": 5.058562500000335,
              "name": "Regex replace, 1000 large objects",
              "rank": 20,
              "rme": 1.7510997747448396,
              "totalTime": 501.0950819999998,
              "min": 4.980208999999377,