{
  "files": [
    {
      "filepath": "/Users/ben/Code/green_code/packages/deep-redact/test/bench/redact.bench.ts",
      "groups": [
        {
          "fullName": "test/bench/redact.bench.ts > Redaction benchmark",
          "benchmarks": [
            {
              "id": "-819135410_0_0",
              "sampleCount": 147751,
              "median": 0.0032091140747070312,
              "name": "JSON.stringify, large object",
              "rank": 1,
              "rme": 0.6547132432945875,
              "totalTime": 500.0023293495178,
              "min": 0.003040790557861328,
              "max": 1.4057087898254395,
              "hz": 295500.6233515309,
              "period": 0.0033840876159857993,
              "mean": 0.0033840876159857993,
              "variance": 0.00001888007586306153,
              "sd": 0.004345120926172427,
              "sem": 0.000011304117238036283,
              "df": 147750,
              "critical": 1.96,
              "moe": 0.000022156069786551113,
              "p75": 0.003292083740234375,
              "p99": 0.004292011260986328,
              "p995": 0.010166168212890625,
              "p999": 0.01641702651977539
            },
            {
              "id": "-819135410_0_1",
              "sampleCount": 198,
              "median": 2.507999897003174,
              "name": "JSON.stringify, 1000 large objects",
              "rank": 13,
              "rme": 0.3949303002980907,
              "totalTime": 502.01037311553955,
              "min": 2.4442086219787598,
              "max": 2.7487497329711914,
              "hz": 394.41416074968146,
              "period": 2.5354059248259575,
              "mean": 2.5354059248259575,
              "variance": 0.005167600840497074,
              "sd": 0.07188602674023008,
              "sem": 0.00510871746565854,
              "df": 197,
              "critical": 1.96,
              "moe": 0.010013086232690737,
              "p75": 2.557499885559082,
              "p99": 2.7468748092651367,
              "p995": 2.7487497329711914,
              "p999": 2.7487497329711914
            },
            {
              "id": "-819135410_0_2",
              "sampleCount": 4765,
              "median": 0.10120820999145508,
              "name": "fast redact, large object",
              "rank": 9,
              "rme": 0.6113091670933988,
              "totalTime": 500.04222440719604,
              "min": 0.0980830192565918,
              "max": 0.6106247901916504,
              "hz": 9529.195270757275,
              "period": 0.10494065569930662,
              "mean": 0.10494065569930662,
              "variance": 0.000510458131098546,
              "sd": 0.022593320497406883,
              "sem": 0.0003273019634172361,
              "df": 4764,
              "critical": 1.96,
              "moe": 0.0006415118482977827,
              "p75": 0.10249996185302734,
              "p99": 0.26324987411499023,
              "p995": 0.28149986267089844,
              "p999": 0.3228750228881836
            },
            {
              "id": "-819135410_0_3",
              "sampleCount": 87,
              "median": 5.705667018890381,
              "name": "fast redact, 1000 large objects",
              "rank": 14,
              "rme": 1.1859512081425587,
              "totalTime": 505.12921380996704,
              "min": 5.589500427246094,
              "max": 8.40529203414917,
              "hz": 172.23315860866043,
              "period": 5.806082917355943,
              "mean": 5.806082917355943,
              "variance": 0.10435162703339376,
              "sd": 0.3230350244685455,
              "sem": 0.034632989892436135,
              "df": 86,
              "critical": 1.9882,
              "moe": 0.06885731050414153,
              "p75": 5.895833969116211,
              "p99": 8.40529203414917,
              "p995": 8.40529203414917,
              "p999": 8.40529203414917
            },
            {
              "id": "-819135410_0_4",
              "sampleCount": 15015,
              "median": 0.03229188919067383,
              "name": "DeepRedact, default config, large object",
              "rank": 4,
              "rme": 0.6140596601425784,
              "totalTime": 500.03012323379517,
              "min": 0.03137493133544922,
              "max": 1.0805001258850098,
              "hz": 30028.19090756969,
              "period": 0.03330203950941027,
              "mean": 0.03330203950941027,
              "variance": 0.00016344663846743293,
              "sd": 0.012784625081222871,
              "sem": 0.00010433387277144484,
              "df": 15014,
              "critical": 1.96,
              "moe": 0.0002044943906320319,
              "p75": 0.03275012969970703,
              "p99": 0.04474973678588867,
              "p995": 0.06304073333740234,
              "p999": 0.18975019454956055
            },
            {
              "id": "-819135410_0_5",
              "sampleCount": 2958,
              "median": 0.1488327980041504,
              "name": "DeepRedact, default config, 1000 large objects",
              "rank": 11,
              "rme": 1.75145689912052,
              "totalTime": 500.0801844596863,
              "min": 0.13708257675170898,
              "max": 1.2809171676635742,
              "hz": 5915.0514095974095,
              "period": 0.16906023815405216,
              "mean": 0.16906023815405216,
              "variance": 0.006750996590075429,
              "sd": 0.08216444845598021,
              "sem": 0.0015107230636830244,
              "df": 2957,
              "critical": 1.96,
              "moe": 0.0029610172048187278,
              "p75": 0.15875005722045898,
              "p99": 0.5817909240722656,
              "p995": 0.7107081413269043,
              "p999": 1.0054173469543457
            },
            {
              "id": "-819135410_0_6",
              "sampleCount": 10802,
              "median": 0.04179096221923828,
              "name": "DeepRedact, config per key, single object",
              "rank": 8,
              "rme": 2.8004991218144224,
              "totalTime": 500.00335931777954,
              "min": 0.039499759674072266,
              "max": 4.07541561126709,
              "hz": 21603.85485157258,
              "period": 0.046288035485815546,
              "mean": 0.046288035485815546,
              "variance": 0.004724984741416311,
              "sd": 0.0687385244343833,
              "sem": 0.0006613755241252105,
              "df": 10801,
              "critical": 1.96,
              "moe": 0.0012962960272854126,
              "p75": 0.04329204559326172,
              "p99": 0.11320781707763672,
              "p995": 0.24758386611938477,
              "p999": 0.4987502098083496
            },
            {
              "id": "-819135410_0_7",
              "sampleCount": 11122,
              "median": 0.043000221252441406,
              "name": "DeepRedact, fuzzy matching, single object",
              "rank": 7,
              "rme": 0.851120767091074,
              "totalTime": 500.0157814025879,
              "min": 0.04166603088378906,
              "max": 1.4857091903686523,
              "hz": 22243.297939120683,
              "period": 0.04495736211136377,
              "mean": 0.04495736211136377,
              "variance": 0.0004238915550855305,
              "sd": 0.02058862683826997,
              "sem": 0.00019522522717660775,
              "df": 11121,
              "critical": 1.96,
              "moe": 0.0003826414452661512,
              "p75": 0.04412508010864258,
              "p99": 0.0694589614868164,
              "p995": 0.12058305740356445,
              "p999": 0.25129079818725586
            },
            {
              "id": "-819135410_0_8",
              "sampleCount": 3252,
              "median": 0.14874982833862305,
              "name": "DeepRedact, case insensitive matching, single object",
              "rank": 10,
              "rme": 0.6843687590274457,