{
  "files": [
    {
      "filepath": "/Users/ben/Code/green_code/packages/deep-redact/test/bench/redact.bench.ts",
      "groups": [
        {
          "fullName": "test/bench/redact.bench.ts > Redaction benchmark",
          "benchmarks": [
            {
              "id": "-819135410_0_0",
              "sampleCount": 154479,
              "median": 0.0031669139862060547,
              "name": "JSON.stringify, large object",
              "rank": 1,
              "rme": 0.3164644634884957,
              "totalTime": 500.000394821167,
              "min": 0.003000020980834961,
              "max": 0.24541711807250977,
              "hz": 308957.75603387645,
              "period": 0.003236688448405071,
              "mean": 0.003236688448405071,
              "variance": 0.000004218994903535553,
              "sd": 0.002054019207197331,
              "sem": 0.000005226004455632258,
              "df": 154478,
              "critical": 1.96,
              "moe": 0.000010242968733039225,
              "p75": 0.0031671524047851562,
              "p99": 0.0035419464111328125,
              "p995": 0.003749847412109375,
              "p999": 0.008292198181152344
            },
            {
              "id": "-819135410_0_1",
              "sampleCount": 204,
              "median": 2.410499930381775,
              "name": "JSON.stringify, 1000 large objects",
              "rank": 16,
              "rme": 0.46506675559776806,
              "totalTime": 500.8909578323364,
              "min": 2.388291120529175,
              "max": 2.8143749237060547,
              "hz": 407.2742715956255,
              "period": 2.4553478325114533,
              "mean": 2.4553478325114533,
              "variance": 0.006924280701420362,
              "sd": 0.083212262926929,
              "sem": 0.005826023726174049,
              "df": 203,
              "critical": 1.96,
              "moe": 0.011419006503301136,
              "p75": 2.5212090015411377,
              "p99": 2.780707836151123,
              "p995": 2.7810420989990234,
              "p999": 2.8143749237060547
            },
            {
              "id": "-819135410_0_2",
              "sampleCount": 4778,
              "median": 0.10120797157287598,
              "name": "fast redact, large object",
              "rank": 12,
              "rme": 0.5907618294783599,
              "totalTime": 500.01570415496826,
              "min": 0.09754085540771484,
              "max": 0.4036250114440918,
              "hz": 9555.69987161677,
              "period": 0.10464958228442199,
              "mean": 0.10464958228442199,
              "variance": 0.000475372281163458,
              "sd": 0.02180303376054484,
              "sem": 0.00031542336063515965,
              "df": 4777,
              "critical": 1.96,
              "moe": 0.0006182297868449129,
              "p75": 0.10270810127258301,
              "p99": 0.26416707038879395,
              "p995": 0.28299999237060547,
              "p999": 0.3193330764770508
            },
            {
              "id": "-819135410_0_3",
              "sampleCount": 83,
              "median": 5.697000026702881,
              "name": "fast redact, 1000 large objects",
              "rank": 19,
              "rme": 5.7571324817669804,
              "totalTime": 505.14153933525085,
              "min": 5.521040916442871,
              "max": 13.89283299446106,
              "hz": 164.31038340110612,
              "period": 6.086042642593384,
              "mean": 6.086042642593384,
              "variance": 2.574638706280282,
              "sd": 1.6045680746793767,
              "sem": 0.17612422732026398,
              "df": 82,
              "critical": 1.9894,
              "moe": 0.3503815378309332,
              "p75": 5.827583074569702,
              "p99": 13.89283299446106,
              "p995": 13.89283299446106,
              "p999": 13.89283299446106
            },
            {
              "id": "-819135410_0_4",
              "sampleCount": 4517,
              "median": 0.09291601181030273,
              "name": "ObGlob, large object",
              "rank": 13,
              "rme": 3.540099461388172,
              "totalTime": 500.02911257743835,
              "min": 0.08645796775817871,
              "max": 2.0815000534057617,
              "hz": 9033.474024575844,
              "period": 0.11069938290401557,
              "mean": 0.11069938290401557,
              "variance": 0.018057568692023157,
              "sd": 0.13437845322827302,
              "sem": 0.0019994225805842272,
              "df": 4516,
              "critical": 1.96,
              "moe": 0.003918868257945085,
              "p75": 0.0974588394165039,
              "p99": 1.1313750743865967,
              "p995": 1.3616251945495605,
              "p999": 1.7412090301513672
            },
            {
              "id": "-819135410_0_5",
              "sampleCount": 18051,
              "median": 0.026500225067138672,
              "name": "Regex replace, large object",
              "rank": 4,
              "rme": 0.6344045383719679,
              "totalTime": 500.02027893066406,
              "min": 0.025875091552734375,
              "max": 0.2448749542236328,
              "hz": 36100.53583947355,
              "period": 0.027700419862094292,
              "mean": 0.027700419862094292,
              "variance": 0.0001451090134387264,
              "sd": 0.012046120264995132,
              "sem": 0.00008965955140470215,
              "df": 18050,
              "critical": 1.96,
              "moe": 0.0001757327207532162,
              "p75": 0.026875019073486328,
              "p99": 0.03491711616516113,
              "p995": 0.17179083824157715,
              "p999": 0.20337510108947754
            },
            {
              "id": "-819135410_0_6",
              "sampleCount": 16439,
              "median": 0.029332876205444336,
              "name": "DeepRedact, default config, large object",
              "rank": 6,
              "rme": 0.5460280825524939,
              "totalTime": 500.01091718673706,
              "min": 0.02883291244506836,
              "max": 0.2760000228881836,
              "hz": 32877.28214514283,
              "period": 0.030416139496729548,
              "mean": 0.030416139496729548,
              "variance": 0.00011803244242481121,
              "sd": 0.010864273672216252,
              "sem": 0.00008473503228596129,
              "df": 16438,
              "critical": 1.96,
              "moe": 0.00016608066328048412,
              "p75": 0.029667139053344727,
              "p99": 0.04112505912780762,
              "p995": 0.05983304977416992,
              "p999": 0.22425007820129395
            },
            {
              "id": "-819135410_0_7",
              "sampleCount": 105,
              "median": 4.672959089279175,
              "name": "ObGlob, 1000 large objects",
              "rank": 17,
              "rme": 1.6567103746810148,
              "totalTime": 500.8706707954407,
              "min": 4.639124870300293,
              "max": 8.65862488746643,
              "hz": 209.63495393580908,
              "period": 4.770196864718483,
              "mean": 4.770196864718483,
              "variance": 0.16673319048724616,
              "sd": 0.40832975704355196,
              "sem": 0.03984890396858592,
              "df": 104,
              "critical": 1.9832,
              "moe": 0.0790283463504996,
              "p75": 4.709916830062866,
              "p99": 5.338666915893555,
              "p995": 8.65862488746643,
              "p999": 8.65862488746643
            },
            {
              "id": "-819135410_0_8",
              "sampleCount": 90,
              "median": 5.6609790325164795,
              "name": "Regex replace, 1000 large objects",
              "rank": 18,
              "rme": 1.1533860390179338,
              "totalTime": 503.04141306877136,
              "min": 5.268416166305542,