{
  "files": [
    {
      "filepath": "/Users/ben/Code/green_code/packages/deep-redact/test/redact.bench.ts",
      "groups": [
        {
          "fullName": "test/redact.bench.ts > Redaction benchmark",
          "benchmarks": [
            {
              "id": "-504382355_0_0",
              "sampleCount": 9376,
              "name": "fast redact, single object",
              "rank": 8,
              "rme": 0.7945078311182111,
              "totalTime": 500.01538700000265,
              "min": 0.04837499999996453,
              "max": 1.6098749999999882,
              "hz": 18751.42294371023,
              "period": 0.05332928615614363,
              "mean": 0.05332928615614363,
              "variance": 0.0004381606389801932,
              "sd": 0.02093228699832374,
              "sem": 0.00021617620142346997,
              "df": 9375,
              "critical": 1.96,
              "moe": 0.0004237053547900011,
              "p75": 0.05162499999994452,
              "p99": 0.11983299999997143,
              "p995": 0.1349999999999909,
              "p999": 0.22779100000002472
            },
            {
              "id": "-504382355_0_1",
              "sampleCount": 37,
              "name": "fast redact, 1000 objects",
              "rank": 10,
              "rme": 1.255994437831132,
              "totalTime": 505.14604199999985,
              "min": 13.204250000000002,
              "max": 16.28274999999985,
              "hz": 73.24614452784331,
              "period": 13.652595729729725,
              "mean": 13.652595729729725,
              "variance": 0.2641631928348413,
              "sd": 0.5139680854244175,
              "sem": 0.0844958327510476,
              "df": 36,
              "critical": 2.0294,
              "moe": 0.171475842984976,
              "p75": 13.835166999999956,
              "p99": 16.28274999999985,
              "p995": 16.28274999999985,
              "p999": 16.28274999999985
            },
            {
              "id": "-504382355_0_2",
              "sampleCount": 58107,
              "name": "default config, single object",
              "rank": 1,
              "rme": 0.5017085294996401,
              "totalTime": 500.007500999983,
              "min": 0.008000000000038199,
              "max": 0.2990829999998823,
              "hz": 116212.25658373069,
              "period": 0.00860494434405464,
              "mean": 0.00860494434405464,
              "variance": 0.000028191320016481642,
              "sd": 0.005309549888312722,
              "sem": 0.000022026397822866828,
              "df": 58106,
              "critical": 1.96,
              "moe": 0.00004317173973281898,
              "p75": 0.008457999999791355,
              "p99": 0.009332999999969616,
              "p995": 0.010208000000147877,
              "p999": 0.14387499999998
            },
            {
              "id": "-504382355_0_3",
              "sampleCount": 36859,
              "name": "config per key, single object",
              "rank": 7,
              "rme": 0.5023727712662059,
              "totalTime": 500.00001800004566,
              "min": 0.012832999999773165,
              "max": 0.29270800000040254,
              "hz": 73717.99734614536,
              "period": 0.01356520844298667,
              "mean": 0.01356520844298667,
              "variance": 0.000044559112655173985,
              "sd": 0.006675261242466394,
              "sem": 0.000034769343664831366,
              "df": 36858,
              "critical": 1.96,
              "moe": 0.00006814791358306948,
              "p75": 0.01329200000009223,
              "p99": 0.016458999999940715,
              "p995": 0.01920800000016243,
              "p999": 0.16508299999986775
            },
            {
              "id": "-504382355_0_4",
              "sampleCount": 53961,
              "name": "fuzzy matching, single object",
              "rank": 2,
              "rme": 0.5412712930941045,
              "totalTime": 500.0085529999701,
              "min": 0.008665999999720952,
              "max": 0.34208300000000236,
              "hz": 107920.15391785355,
              "period": 0.009266109838586573,
              "mean": 0.009266109838586573,
              "variance": 0.00003533399338437854,
              "sd": 0.005944240353853345,
              "sem": 0.00002558917986879469,
              "df": 53960,
              "critical": 1.96,
              "moe": 0.000050154792542837586,
              "p75": 0.009082999999918684,
              "p99": 0.009999999999763531,
              "p995": 0.011124999999992724,
              "p999": 0.1578749999998763
            },
            {
              "id": "-504382355_0_5",
              "sampleCount": 53937,
              "name": "case insensitive matching, single object",
              "rank": 3,
              "rme": 0.5501433546880329,
              "totalTime": 500.0035360000952,
              "min": 0.008707999999842286,
              "max": 0.37491700000009587,
              "hz": 107873.23712044655,
              "period": 0.009270139903963795,
              "mean": 0.009270139903963795,
              "variance": 0.00003651732563301384,
              "sd": 0.006042956696271606,
              "sem": 0.00002601992788364307,
              "df": 53936,
              "critical": 1.96,
              "moe": 0.00005099905865194041,
              "p75": 0.009083999999802472,
              "p99": 0.010000000000218279,
              "p995": 0.010874999999941792,
              "p999": 0.1605410000001939
            },
            {
              "id": "-504382355_0_6",
              "sampleCount": 53808,
              "name": "fuzzy and case insensitive matching, single object",
              "rank": 4,
              "rme": 0.5039533787453668,
              "totalTime": 500.00000600000203,
              "min": 0.008708000000297034,
              "max": 0.3477499999999054,
              "hz": 107615.99870860757,
              "period": 0.00929229865447521,
              "mean": 0.00929229865447521,
              "variance": 0.0000307157941894156,
              "sd": 0.005542183160940786,
              "sem": 0.000023892271955274528,
              "df": 53807,
              "critical": 1.96,
              "moe": 0.00004682885303233807,
              "p75": 0.009125000000494765,
              "p99": 0.009999999999308784,
              "p995": 0.010833000000275206,
              "p999": 0.034249999999701686
            },
            {
              "id": "-504382355_0_7",
              "sampleCount": 48504,
              "name": "replace string by length, single object",
              "rank": 5,
              "rme": 1.175588378126503,
              "totalTime": 500.0078170001789,
              "min": 0.00916600000073231,
              "max": 2.646582999999737,
              "hz": 97006.4834006038,
              "period": 0.010308589332842217,
              "mean": 0.010308589332842217,
              "variance": 0.00018542763452620534,
              "sd": 0.013617181592613258,
              "sem": 0.00006182988680902119,
              "df": 48503,
              "critical": 1.96,
              "moe": 0.00012118657814568153,
              "p75": 0.009624999999687134,
              "p99": 0.028708999999253138,
              "p995": 0.029499999999643478,
              "p999": 0.14591699999982666
            },
            {
              "id": "-504382355_0_8",
              "sampleCount": 43841,
              "name": "retain structure, single object",
              "rank": 6,
              "rme": 0.47422787364671565,
              "totalTime": 500.00758300003963,
              "min": 0.010790999999699125,
              "max": 0.2819159999999101,
              "hz": 87680.67023494827,
              "period": 0.011405022307886217,
              "mean": 0.011405022307886217,
              "variance": 0.000033383720904622255,
              "sd": 0.005777864735749899,
              "sem": 0.00002759479325490938,