{
  "files": [
    {
      "filepath": "/Users/ben/Code/green_code/packages/deep-redact/test/redact.bench.ts",
      "groups": [
        {
          "fullName": "test/redact.bench.ts > Redaction benchmark",
          "benchmarks": [
            {
              "id": "-504382355_0_0",
              "sampleCount": 147956,
              "name": "JSON.stringify, single object",
              "rank": 1,
              "rme": 0.504434686447173,
              "totalTime": 500.00158900002526,
              "min": 0.0031249999999545253,
              "max": 1.0829590000000167,
              "hz": 295911.05959463766,
              "period": 0.0033793937995081325,
              "mean": 0.0033793937995081325,
              "variance": 0.000011192005872355086,
              "sd": 0.00334544554168127,
              "sem": 0.000008697364549165335,
              "df": 147955,
              "critical": 1.96,
              "moe": 0.000017046834516364055,
              "p75": 0.00333299999999781,
              "p99": 0.0036249999999995453,
              "p995": 0.0037919999999758147,
              "p999": 0.023750000000063665
            },
            {
              "id": "-504382355_0_1",
              "sampleCount": 212,
              "name": "JSON.stringify, 1000 objects",
              "rank": 12,
              "rme": 0.3433874779004501,
              "totalTime": 500.9539120000006,
              "min": 2.294458000000077,
              "max": 2.65691599999991,
              "hz": 423.1926229572986,
              "period": 2.362990150943399,
              "mean": 2.362990150943399,
              "variance": 0.003633427083559137,
              "sd": 0.060277915388300685,
              "sem": 0.0041399042256941715,
              "df": 211,
              "critical": 1.96,
              "moe": 0.008114212282360577,
              "p75": 2.3581249999999727,
              "p99": 2.5471670000001723,
              "p995": 2.620292000000063,
              "p999": 2.65691599999991
            },
            {
              "id": "-504382355_0_2",
              "sampleCount": 9947,
              "name": "fast redact, single object",
              "rank": 10,
              "rme": 0.4502110444588223,
              "totalTime": 500.0442709999977,
              "min": 0.04775000000017826,
              "max": 0.2556250000000091,
              "hz": 19892.23870140099,
              "period": 0.05027086267216223,
              "mean": 0.05027086267216223,
              "variance": 0.00013263096845533,
              "sd": 0.011516551934295698,
              "sem": 0.00011547192647693969,
              "df": 9946,
              "critical": 1.96,
              "moe": 0.0002263249758948018,
              "p75": 0.049500000000080036,
              "p99": 0.063083000000006,
              "p995": 0.18020900000010442,
              "p999": 0.22179099999993923
            },
            {
              "id": "-504382355_0_3",
              "sampleCount": 39,
              "name": "fast redact, 1000 objects",
              "rank": 13,
              "rme": 1.5751128586735723,
              "totalTime": 510.8080439999999,
              "min": 12.436541999999918,
              "max": 15.41516700000011,
              "hz": 76.3496198975285,
              "period": 13.09764215384615,
              "mean": 13.09764215384615,
              "variance": 0.40470480889705557,
              "sd": 0.6361641367580033,
              "sem": 0.10186778873606604,
              "df": 38,
              "critical": 2.0252,
              "moe": 0.20630264574828094,
              "p75": 13.397459000000254,
              "p99": 15.41516700000011,
              "p995": 15.41516700000011,
              "p999": 15.41516700000011
            },
            {
              "id": "-504382355_0_4",
              "sampleCount": 47797,
              "name": "DeepRedact, default config, single object",
              "rank": 2,
              "rme": 0.5048765322982469,
              "totalTime": 500.0046450000282,
              "min": 0.009833000000071479,
              "max": 0.21641700000009223,
              "hz": 95593.1119399847,
              "period": 0.01046100477017445,
              "mean": 0.01046100477017445,
              "variance": 0.00003470608809759626,
              "sd": 0.0058911873249453085,
              "sem": 0.000026946509248577016,
              "df": 47796,
              "critical": 1.96,
              "moe": 0.00005281515812721095,
              "p75": 0.010291999999935797,
              "p99": 0.011042000000088592,
              "p995": 0.01133399999980611,
              "p999": 0.16345899999987523
            },
            {
              "id": "-504382355_0_5",
              "sampleCount": 35647,
              "name": "DeepRedact, config per key, single object",
              "rank": 8,
              "rme": 0.5472703377293329,
              "totalTime": 500.00225499997396,
              "min": 0.013165999999728228,
              "max": 0.3087080000000242,
              "hz": 71293.67846551383,
              "period": 0.01402648904536073,
              "mean": 0.01402648904536073,
              "variance": 0.00005467799952054612,
              "sd": 0.007394457351323769,
              "sem": 0.00003916470100515998,
              "df": 35646,
              "critical": 1.96,
              "moe": 0.00007676281397011356,
              "p75": 0.013708999999835214,
              "p99": 0.016292000000248663,
              "p995": 0.019332999999733147,
              "p999": 0.18704200000001947
            },
            {
              "id": "-504382355_0_6",
              "sampleCount": 44811,
              "name": "DeepRedact, fuzzy matching, single object",
              "rank": 6,
              "rme": 1.2985029119012437,
              "totalTime": 500.0025360000154,
              "min": 0.010333000000173342,
              "max": 2.61816699999963,
              "hz": 89621.54543951877,
              "period": 0.011158031197697338,
              "mean": 0.011158031197697338,
              "variance": 0.0002448688217196453,
              "sd": 0.015648284944991427,
              "sem": 0.00007392212245558631,
              "df": 44810,
              "critical": 1.96,
              "moe": 0.00014488736001294915,
              "p75": 0.010833000000275206,
              "p99": 0.011625000000094587,
              "p995": 0.014207999999598542,
              "p999": 0.1805000000003929
            },
            {
              "id": "-504382355_0_7",
              "sampleCount": 45055,
              "name": "DeepRedact, case insensitive matching, single object",
              "rank": 5,
              "rme": 0.6241274772699419,
              "totalTime": 500.0048979999865,
              "min": 0.01041599999916798,
              "max": 1.1406660000002375,
              "hz": 90109.11729108945,
              "period": 0.011097656153589756,
              "mean": 0.011097656153589756,
              "variance": 0.000056265215462704696,
              "sd": 0.007501014295593943,
              "sem": 0.00003533853132014909,
              "df": 45054,
              "critical": 1.96,
              "moe": 0.00006926352138749221,
              "p75": 0.010915999999269843,
              "p99": 0.011625000000094587,
              "p995": 0.012708000000202446,
              "p999": 0.14429199999995035
            },
            {
              "id": "-504382355_0_8",
              "sampleCount": 45259,
              "name": "DeepRedact, fuzzy and case insensitive matching, single object",
              "rank": 4,
              "rme": 0.45067303420408594,
              "totalTime": 500.00257299991245,
              "min": 0.01041599999916798,
              "max": 0.1856660000003103,
              "hz": 90517.53419678488,
              "period": 0.01104758330939509,
              "mean": 0.01104758330939509,
              "variance": 0.000029204550610283682,
              "sd": 0.005404123482146173,